year,ppm,temperature,coal,oil,gas,cement,flaring,other,fossil_total,landuse_sink,landuse_emission,landuse_balance,bio_sink,ocean_sink,atmosphere_growth,res_gas_min,res_gas_max,res_gas_avrg,res_coal_min,res_coal_max,res_coal_avrg,res_oil_min,res_oil_max,res_oil_avrg,res_fossil_min,res_fossil_max,res_fossil_avrg,res_soil_min,res_soil_max,res_soil_avrg,res_veg_min,res_veg_max,res_ver_avrg,res_bio_min,res_bio_max,res_bio_avrg,res_ocean,res_atmosphere,res_permafrost
2100,530.20,2.37,7.80,6.38,4.35,0.89,0.18,0.21,19.81,4.09,4.63,0.54,6.01,5.43,9.87,104.43,856.43,480.43,-79.51,15.49,-32.01,-268.26,-177.26,-222.76,-243.34,694.66,225.66,1821.91,2721.91,2271.91,540.80,740.80,640.80,2362.71,3462.71,2912.71,40822.26,1259.76,1620.00
2099,528.61,2.35,7.75,6.35,4.32,0.89,0.18,0.21,19.69,4.08,4.62,0.55,5.97,5.40,9.81,108.78,860.78,484.78,-71.71,23.29,-24.21,-261.88,-170.88,-216.38,-224.81,713.19,244.19,1817.23,2717.23,2267.23,539.47,739.47,639.47,2356.70,3456.70,2906.70,40816.83,1249.89,1621.00
2098,527.02,2.33,7.70,6.31,4.29,0.88,0.18,0.21,19.56,4.06,4.61,0.55,5.94,5.36,9.75,113.09,865.09,489.09,-63.96,31.04,-16.46,-255.53,-164.53,-210.03,-206.39,731.61,262.61,1812.57,2712.57,2262.57,538.16,738.16,638.16,2350.73,3450.73,2900.73,40811.44,1240.08,1622.00
2097,525.43,2.32,7.65,6.27,4.26,0.87,0.18,0.20,19.44,4.04,4.60,0.56,5.90,5.33,9.69,117.38,869.38,493.38,-56.25,38.75,-8.75,-249.22,-158.22,-203.72,-188.09,749.91,280.91,1807.94,2707.94,2257.94,536.85,736.85,636.85,2344.79,3444.79,2894.79,40806.07,1230.33,1623.00
2096,523.84,2.30,7.61,6.24,4.23,0.87,0.18,0.20,19.32,4.03,4.59,0.57,5.87,5.30,9.63,121.64,873.64,497.64,-48.60,46.40,-1.10,-242.95,-151.95,-197.45,-169.91,768.09,299.09,1803.33,2703.33,2253.33,535.55,735.55,635.55,2338.89,3438.89,2888.89,40800.74,1220.64,1624.00
2095,522.25,2.28,7.56,6.20,4.20,0.86,0.18,0.20,19.19,4.01,4.58,0.57,5.83,5.27,9.57,125.87,877.87,501.87,-40.99,54.01,6.51,-236.71,-145.71,-191.21,-151.83,786.17,317.17,1798.75,2698.75,2248.75,534.26,734.26,634.26,2333.02,3433.02,2883.02,40795.44,1211.00,1625.00
2094,520.66,2.26,7.51,6.17,4.17,0.85,0.18,0.20,19.07,3.99,4.57,0.58,5.80,5.23,9.52,130.07,882.07,506.07,-33.44,61.56,14.06,-230.50,-139.50,-185.00,-133.88,804.12,335.12,1794.20,2694.20,2244.20,532.98,732.98,632.98,2327.18,3427.18,2877.18,40790.18,1201.43,1626.00
2093,519.08,2.24,7.46,6.13,4.14,0.85,0.17,0.20,18.95,3.98,4.56,0.59,5.76,5.20,9.46,134.23,886.23,510.23,-25.93,69.07,21.57,-224.34,-133.34,-178.84,-116.03,821.97,352.97,1789.68,2689.68,2239.68,531.70,731.70,631.70,2321.38,3421.38,2871.38,40784.94,1191.91,1627.00
2092,517.49,2.22,7.41,6.09,4.11,0.84,0.17,0.20,18.83,3.96,4.55,0.59,5.73,5.17,9.40,138.37,890.37,514.37,-18.47,76.53,29.03,-218.21,-127.21,-172.71,-98.30,839.70,370.70,1785.18,2685.18,2235.18,530.44,730.44,630.44,2315.62,3415.62,2865.62,40779.74,1182.46,1628.00
2091,515.90,2.21,7.36,6.06,4.08,0.83,0.17,0.19,18.70,3.94,4.54,0.60,5.69,5.14,9.34,142.48,894.48,518.48,-11.06,83.94,36.44,-212.11,-121.11,-166.61,-80.69,857.31,388.31,1780.72,2680.72,2230.72,529.18,729.18,629.18,2309.89,3409.89,2859.89,40774.57,1173.06,1629.00
2090,514.31,2.19,7.32,6.02,4.05,0.83,0.17,0.19,18.58,3.93,4.53,0.61,5.66,5.10,9.28,146.56,898.56,522.56,-3.69,91.31,43.81,-206.05,-115.05,-160.55,-63.19,874.81,405.81,1776.27,2676.27,2226.27,527.92,727.92,627.92,2304.20,3404.20,2854.20,40769.44,1163.72,1630.00
2089,512.72,2.17,7.27,5.99,4.02,0.82,0.17,0.19,18.46,3.91,4.52,0.61,5.62,5.07,9.22,150.61,902.61,526.61,3.62,98.62,51.12,-200.03,-109.03,-154.53,-45.80,892.20,423.20,1771.86,2671.86,2221.86,526.68,726.68,626.68,2298.54,3398.54,2848.54,40764.33,1154.44,1631.00
2088,511.13,2.15,7.22,5.95,3.99,0.81,0.17,0.19,18.33,3.89,4.51,0.62,5.59,5.04,9.16,154.63,906.63,530.63,10.89,105.89,58.39,-194.04,-103.04,-148.54,-28.53,909.47,440.47,1767.47,2667.47,2217.47,525.44,725.44,625.44,2292.92,3392.92,2842.92,40759.26,1145.22,1632.00
2087,509.54,2.13,7.17,5.92,3.96,0.81,0.17,0.19,18.21,3.88,4.50,0.63,5.55,5.01,9.10,158.61,910.61,534.61,18.11,113.11,65.61,-188.09,-97.09,-142.59,-11.37,926.63,457.63,1763.11,2663.11,2213.11,524.21,724.21,624.21,2287.33,3387.33,2837.33,40754.22,1136.06,1633.00
2086,507.95,2.11,7.12,5.88,3.93,0.80,0.17,0.19,18.09,3.86,4.49,0.63,5.52,4.97,9.04,162.57,914.57,538.57,25.28,120.28,72.78,-182.18,-91.18,-136.68,5.67,943.67,474.67,1758.78,2658.78,2208.78,522.99,722.99,622.99,2281.77,3381.77,2831.77,40749.21,1126.95,1634.00
2085,506.37,2.09,7.07,5.84,3.90,0.80,0.17,0.19,17.96,3.84,4.49,0.64,5.48,4.94,8.99,166.50,918.50,542.50,32.40,127.40,79.90,-176.30,-85.30,-130.80,22.60,960.60,491.60,1754.48,2654.48,2204.48,521.78,721.78,621.78,2276.25,3376.25,2826.25,40744.24,1117.91,1635.00
2084,504.78,2.08,7.02,5.81,3.87,0.79,0.17,0.18,17.84,3.83,4.48,0.65,5.45,4.91,8.93,170.40,922.40,546.40,39.47,134.47,86.97,-170.45,-79.45,-124.95,39.42,977.42,508.42,1750.20,2650.20,2200.20,520.57,720.57,620.57,2270.77,3370.77,2820.77,40739.30,1108.93,1636.00
2083,503.19,2.06,6.98,5.77,3.84,0.78,0.16,0.18,17.72,3.81,4.47,0.66,5.41,4.88,8.87,174.27,926.27,550.27,46.50,141.50,94.00,-164.65,-73.65,-119.15,56.12,994.12,525.12,1745.95,2645.95,2195.95,519.37,719.37,619.37,2265.32,3365.32,2815.32,40734.39,1100.00,1637.00
2082,501.60,2.04,6.93,5.74,3.81,0.78,0.16,0.18,17.59,3.79,4.46,0.66,5.38,4.85,8.81,178.11,930.11,554.11,53.47,148.47,100.97,-158.88,-67.88,-113.38,72.70,1010.70,541.70,1741.73,2641.73,2191.73,518.18,718.18,618.18,2259.90,3359.90,2809.90,40729.51,1091.13,1638.00
2081,500.01,2.02,6.88,5.70,3.78,0.77,0.16,0.18,17.47,3.78,4.45,0.67,5.34,4.81,8.75,181.92,933.92,557.92,60.40,155.40,107.90,-153.14,-62.14,-107.64,89.18,1027.18,558.18,1737.53,2637.53,2187.53,517.00,717.00,617.00,2254.52,3354.52,2804.52,40724.66,1082.32,1639.00
2080,498.42,2.00,6.83,5.66,3.75,0.76,0.16,0.18,17.35,3.76,4.44,0.68,5.31,4.78,8.69,185.70,937.70,561.70,67.28,162.28,114.78,-147.44,-56.44,-101.94,105.53,1043.53,574.53,1733.36,2633.36,2183.36,515.82,715.82,615.82,2249.18,3349.18,2799.18,40719.85,1073.57,1640.00
2079,496.83,1.98,6.78,5.63,3.72,0.76,0.16,0.18,17.22,3.74,4.43,0.68,5.27,4.75,8.63,189.44,941.44,565.44,74.11,169.11,121.61,-141.78,-50.78,-96.28,121.78,1059.78,590.78,1729.22,2629.22,2179.22,514.65,714.65,614.65,2243.87,3343.87,2793.87,40715.07,1064.88,1641.00
2078,495.25,1.96,6.73,5.59,3.69,0.75,0.16,0.17,17.10,3.73,4.42,0.69,5.24,4.72,8.57,193.16,945.16,569.16,80.89,175.89,128.39,-136.15,-45.15,-90.65,137.91,1075.91,606.91,1725.10,2625.10,2175.10,513.49,713.49,613.49,2238.60,3338.60,2788.60,40710.32,1056.25,1642.00
2077,493.66,1.95,6.69,5.56,3.66,0.74,0.16,0.17,16.98,3.71,4.41,0.70,5.21,4.68,8.51,196.85,948.85,572.85,87.63,182.63,135.13,-130.56,-39.56,-85.06,153.92,1091.92,622.92,1721.02,2621.02,2171.02,512.34,712.34,612.34,2233.36,3333.36,2783.36,40705.61,1047.68,1643.00
2076,492.07,1.93,6.64,5.52,3.63,0.74,0.16,0.17,16.85,3.69,4.40,0.70,5.17,4.65,8.46,200.51,952.51,576.51,94.32,189.32,141.82,-125.00,-34.00,-79.50,169.82,1107.82,638.82,1716.96,2616.96,2166.96,511.19,711.19,611.19,2228.15,3328.15,2778.15,40700.92,1039.16,1644.00
2075,490.48,1.91,6.59,5.48,3.60,0.73,0.16,0.17,16.73,3.68,4.39,0.71,5.14,4.62,8.40,204.14,956.14,580.14,100.95,195.95,148.45,-119.48,-28.48,-73.98,185.61,1123.61,654.61,1712.92,2612.92,2162.92,510.06,710.06,610.06,2222.98,3322.98,2772.98,40696.27,1030.71,1645.00
2074,488.89,1.89,6.54,5.45,3.57,0.72,0.16,0.17,16.61,3.66,4.38,0.72,5.10,4.59,8.34,207.74,959.74,583.74,107.54,202.54,155.04,-114.00,-23.00,-68.50,201.28,1139.28,670.28,1708.92,2608.92,2158.92,508.93,708.93,608.93,2217.84,3317.84,2767.84,40691.65,1022.31,1646.00
2073,487.30,1.87,6.49,5.41,3.54,0.72,0.16,0.17,16.48,3.64,4.37,0.72,5.07,4.55,8.28,211.31,963.31,587.31,114.08,209.08,161.58,-108.55,-17.55,-63.05,216.84,1154.84,685.84,1704.94,2604.94,2154.94,507.80,707.80,607.80,2212.74,3312.74,2762.74,40687.07,1013.97,1647.00
2072,485.71,1.85,6.44,5.38,3.51,0.71,0.15,0.17,16.36,3.63,4.36,0.73,5.03,4.52,8.22,214.85,966.85,590.85,120.58,215.58,168.08,-103.14,-12.14,-57.64,232.28,1170.28,701.28,1700.99,2600.99,2150.99,506.69,706.69,606.69,2207.68,3307.68,2757.68,40682.51,1005.69,1648.00
2071,484.12,1.83,6.40,5.34,3.48,0.71,0.15,0.16,16.24,3.61,4.35,0.74,5.00,4.49,8.16,218.36,970.36,594.36,127.02,222.02,174.52,-97.77,-6.77,-52.27,247.61,1185.61,716.61,1697.07,2597.07,2147.07,505.58,705.58,605.58,2202.65,3302.65,2752.65,40677.99,997.47,1649.00
2070,482.54,1.82,6.35,5.30,3.45,0.70,0.15,0.16,16.11,3.59,4.34,0.74,4.96,4.46,8.10,221.84,973.84,597.84,133.41,228.41,180.91,-92.43,-1.43,-46.93,262.83,1200.83,731.83,1693.17,2593.17,2143.17,504.48,704.48,604.48,2197.65,3297.65,2747.65,40673.50,989.31,1650.00
2069,480.95,1.80,6.30,5.27,3.42,0.69,0.15,0.16,15.99,3.58,4.33,0.75,4.93,4.42,8.04,225.29,977.29,601.29,139.76,234.76,187.26,-87.12,3.88,-41.62,277.93,1215.93,746.93,1689.30,2589.30,2139.30,503.39,703.39,603.39,2192.69,3292.69,2742.69,40669.04,981.21,1651.00
2068,479.36,1.78,6.25,5.23,3.39,0.69,0.15,0.16,15.87,3.56,4.32,0.76,4.89,4.39,7.98,228.71,980.71,604.71,146.06,241.06,193.56,-81.85,9.15,-36.35,292.91,1230.91,761.91,1685.46,2585.46,2135.46,502.31,702.31,602.31,2187.77,3287.77,2737.77,40664.62,973.17,1652.00
2067,477.77,1.76,6.20,5.20,3.36,0.68,0.15,0.16,15.74,3.54,4.31,0.76,4.86,4.36,7.93,232.10,984.10,608.10,152.31,247.31,199.81,-76.62,14.38,-31.12,307.79,1245.79,776.79,1681.64,2581.64,2131.64,501.23,701.23,601.23,2182.88,3282.88,2732.88,40660.23,965.18,1653.00
2066,476.18,1.74,6.15,5.16,3.33,0.67,0.15,0.16,15.62,3.53,4.30,0.77,4.82,4.33,7.87,235.46,987.46,611.46,158.51,253.51,206.01,-71.43,19.57,-25.93,322.54,1260.54,791.54,1677.86,2577.86,2127.86,500.16,700.16,600.16,2178.02,3278.02,2728.02,40655.87,957.26,1654.00
2065,474.59,1.72,6.11,5.12,3.30,0.67,0.15,0.15,15.50,3.51,4.29,0.78,4.79,4.30,7.81,238.79,990.79,614.79,164.67,259.67,212.17,-66.27,24.73,-20.77,337.19,1275.19,806.19,1674.09,2574.09,2124.09,499.10,699.10,599.10,2173.20,3273.20,2723.20,40651.54,949.39,1655.00
2064,473.00,1.70,6.06,5.09,3.27,0.66,0.15,0.15,15.38,3.49,4.28,0.79,4.75,4.26,7.75,242.09,994.09,618.09,170.77,265.77,218.27,-61.14,29.86,-15.64,351.72,1289.72,820.72,1670.36,2570.36,2120.36,498.05,698.05,598.05,2168.41,3268.41,2718.41,40647.25,941.58,1656.00
2063,471.42,1.69,6.01,5.05,3.24,0.65,0.15,0.15,15.25,3.48,4.27,0.79,4.72,4.23,7.69,245.36,997.36,621.36,176.83,271.83,224.33,-56.05,34.95,-10.55,366.13,1304.13,835.13,1666.66,2566.66,2116.66,497.01,697.01,597.01,2163.66,3263.66,2713.66,40642.98,933.83,1657.00
2062,469.83,1.67,5.96,5.02,3.21,0.65,0.14,0.15,15.13,3.46,4.26,0.80,4.68,4.20,7.63,248.60,1000.60,624.60,182.84,277.84,230.34,-51.00,40.00,-5.50,380.43,1318.43,849.43,1662.98,2562.98,2112.98,495.97,695.97,595.97,2158.94,3258.94,2708.94,40638.75,926.14,1658.00
2061,468.24,1.65,5.91,4.98,3.18,0.64,0.14,0.15,15.01,3.44,4.25,0.81,4.65,4.17,7.57,251.81,1003.81,627.81,188.80,283.80,236.30,-45.99,45.01,-0.49,394.62,1332.62,863.62,1659.33,2559.33,2109.33,494.94,694.94,594.94,2154.26,3254.26,2704.26,40634.55,918.51,1659.00
2060,466.65,1.63,5.86,4.94,3.15,0.64,0.14,0.15,14.88,3.43,4.24,0.81,4.61,4.13,7.51,254.99,1006.99,630.99,194.71,289.71,242.21,-41.01,49.99,4.49,408.69,1346.69,877.69,1655.70,2555.70,2105.70,493.92,693.92,593.92,2149.62,3249.62,2699.62,40630.39,910.94,1660.00
2059,465.06,1.61,5.81,4.91,3.12,0.63,0.14,0.15,14.76,3.41,4.23,0.82,4.58,4.10,7.45,258.14,1010.14,634.14,200.57,295.57,248.07,-36.06,54.94,9.44,422.65,1360.65,891.65,1652.10,2552.10,2102.10,492.90,692.90,592.90,2145.01,3245.01,2695.01,40626.26,903.43,1661.00
2058,463.47,1.59,5.77,4.87,3.09,0.62,0.14,0.14,14.64,3.39,4.22,0.83,4.54,4.07,7.40,261.26,1013.26,637.26,206.39,301.39,253.89,-31.15,59.85,14.35,436.49,1374.49,905.49,1648.53,2548.53,2098.53,491.89,691.89,591.89,2140.43,3240.43,2690.43,40622.15,895.97,1662.00
2057,461.88,1.57,5.72,4.84,3.06,0.62,0.14,0.14,14.51,3.37,4.21,0.83,4.51,4.04,7.34,264.35,1016.35,640.35,212.15,307.15,259.65,-26.28,64.72,19.22,450.22,1388.22,919.22,1644.99,2544.99,2094.99,490.90,690.90,590.90,2135.89,3235.89,2685.89,40618.09,888.58,1663.00
2056,460.29,1.56,5.67,4.80,3.03,0.61,0.14,0.14,14.39,3.36,4.20,0.84,4.47,4.00,7.28,267.41,1019.41,643.41,217.87,312.87,265.37,-21.44,69.56,24.06,463.84,1401.84,932.84,1641.48,2541.48,2091.48,489.90,689.90,589.90,2131.38,3231.38,2681.38,40614.05,881.24,1664.00
2055,458.71,1.54,5.62,4.76,3.00,0.60,0.14,0.14,14.27,3.34,4.19,0.85,4.44,3.97,7.22,270.44,1022.44,646.44,223.54,318.54,271.04,-16.64,74.36,28.86,477.34,1415.34,946.34,1637.99,2537.99,2087.99,488.92,688.92,588.92,2126.91,3226.91,2676.91,40610.05,873.96,1665.00
2054,457.12,1.52,5.57,4.73,2.97,0.60,0.14,0.14,14.14,3.32,4.18,0.85,4.40,3.94,7.16,273.44,1025.44,649.44,229.16,324.16,276.66,-11.88,79.12,33.62,490.72,1428.72,959.72,1634.53,2534.53,2084.53,487.94,687.94,587.94,2122.47,3222.47,2672.47,40606.08,866.75,1666.00
2053,455.53,1.50,5.52,4.69,2.94,0.59,0.14,0.14,14.02,3.31,4.17,0.86,4.37,3.91,7.10,276.41,1028.41,652.41,234.74,329.74,282.24,-7.15,83.85,38.35,503.99,1441.99,972.99,1631.09,2531.09,2081.09,486.98,686.98,586.98,2118.07,3218.07,2668.07,40602.14,859.59,1667.00
2052,453.94,1.48,5.48,4.66,2.91,0.58,0.13,0.13,13.90,3.29,4.16,0.87,4.33,3.87,7.04,279.35,1031.35,655.35,240.26,335.26,287.76,-2.46,88.54,43.04,517.15,1455.15,986.15,1627.69,2527.69,2077.69,486.01,686.01,586.01,2113.70,3213.70,2663.70,40598.23,852.48,1668.00
2051,452.35,1.46,5.43,4.62,2.88,0.58,0.13,0.13,13.77,3.27,4.15,0.87,4.30,3.84,6.98,282.26,1034.26,658.26,245.74,340.74,293.24,2.20,93.20,47.70,530.20,1468.20,999.20,1624.31,2524.31,2074.31,485.06,685.06,585.06,2109.37,3209.37,2659.37,40594.36,845.44,1669.00
2050,450.76,1.44,5.38,4.58,2.85,0.57,0.13,0.13,13.65,3.26,4.14,0.88,4.26,3.81,6.92,285.14,1037.14,661.14,251.16,346.16,298.66,6.82,97.82,52.32,543.12,1481.12,1012.12,1620.96,2520.96,2070.96,484.12,684.12,584.12,2105.07,3205.07,2655.07,40590.51,838.46,1670.00
2049,449.17,1.43,5.33,4.55,2.82,0.56,0.13,0.13,13.53,3.24,4.13,0.89,4.23,3.78,6.87,287.99,1039.99,663.99,256.54,351.54,304.04,11.40,102.40,56.90,555.94,1493.94,1024.94,1617.63,2517.63,2067.63,483.18,683.18,583.18,2100.81,3200.81,2650.81,40586.70,831.54,1671.00
2048,447.59,1.41,5.28,4.51,2.79,0.56,0.13,0.13,13.40,3.22,4.12,0.89,4.19,3.74,6.81,290.81,1042.81,666.81,261.87,356.87,309.37,15.95,106.95,61.45,568.64,1506.64,1037.64,1614.33,2514.33,2064.33,482.25,682.25,582.25,2096.58,3196.58,2646.58,40582.93,824.67,1672.00
2047,446.00,1.39,5.23,4.48,2.76,0.55,0.13,0.13,13.28,3.21,4.11,0.90,4.16,3.71,6.75,293.60,1045.60,669.60,267.16,362.16,314.66,20.47,111.47,65.97,581.23,1519.23,1050.23,1611.06,2511.06,2061.06,481.33,681.33,581.33,2092.39,3192.39,2642.39,40579.18,817.86,1673.00
2046,444.41,1.37,5.19,4.44,2.73,0.55,0.13,0.13,13.16,3.19,4.10,0.91,4.12,3.68,6.69,296.36,1048.36,672.36,272.39,367.39,319.89,24.94,115.94,70.44,593.70,1531.70,1062.70,1607.82,2507.82,2057.82,480.41,680.41,580.41,2088.23,3188.23,2638.23,40575.47,811.12,1674.00
2045,442.82,1.35,5.14,4.40,2.70,0.54,0.13,0.12,13.03,3.17,4.09,0.92,4.09,3.65,6.63,299.10,1051.10,675.10,277.58,372.58,325.08,29.38,120.38,74.88,606.06,1544.06,1075.06,1604.61,2504.61,2054.61,479.50,679.50,579.50,2084.11,3184.11,2634.11,40571.79,804.43,1675.00
2044,441.23,1.33,5.09,4.37,2.67,0.53,0.13,0.12,12.91,3.16,4.08,0.92,4.05,3.62,6.57,301.80,1053.80,677.80,282.71,377.71,330.21,33.79,124.79,79.29,618.30,1556.30,1087.30,1601.42,2501.42,2051.42,478.60,678.60,578.60,2080.02,3180.02,2630.02,40568.14,797.80,1676.00
2043,439.64,1.32,5.04,4.33,2.64,0.53,0.13,0.12,12.79,3.14,4.07,0.93,4.02,3.58,6.51,304.47,1056.47,680.47,287.80,382.80,335.30,38.16,129.16,83.66,630.43,1568.43,1099.43,1598.26,2498.26,2048.26,477.71,677.71,577.71,2075.97,3175.97,2625.97,40564.53,791.23,1677.00
2042,438.05,1.30,4.99,4.30,2.61,0.52,0.13,0.12,12.66,3.12,4.06,0.94,3.98,3.55,6.45,307.11,1059.11,683.11,292.84,387.84,340.34,42.49,133.49,87.99,642.44,1580.44,1111.44,1595.12,2495.12,2045.12,476.83,676.83,576.83,2071.95,3171.95,2621.95,40560.94,784.71,1678.00
2041,436.46,1.28,4.94,4.26,2.58,0.51,0.12,0.12,12.54,3.11,4.05,0.94,3.95,3.52,6.39,309.72,1061.72,685.72,297.84,392.84,345.34,46.79,137.79,92.29,654.34,1592.34,1123.34,1592.02,2492.02,2042.02,475.95,675.95,575.95,2067.97,3167.97,2617.97,40557.39,778.26,1679.00
2040,434.88,1.26,4.90,4.23,2.55,0.51,0.12,0.12,12.42,3.09,4.04,0.95,3.91,3.49,6.34,312.30,1064.30,688.30,302.78,397.78,350.28,51.05,142.05,96.55,666.13,1604.13,1135.13,1588.94,2488.94,2038.94,475.08,675.08,575.08,2064.02,3164.02,2614.02,40553.88,771.87,1680.00
2039,433.29,1.24,4.85,4.19,2.52,0.50,0.12,0.12,12.30,3.07,4.03,0.96,3.88,3.45,6.28,314.85,1066.85,690.85,307.67,402.67,355.17,55.27,146.27,100.77,677.80,1615.80,1146.80,1585.88,2485.88,2035.88,474.22,674.22,574.22,2060.11,3160.11,2610.11,40550.39,765.53,1681.00
2038,431.70,1.22,4.80,4.15,2.49,0.49,0.12,0.11,12.17,3.06,4.02,0.96,3.84,3.42,6.22,317.37,1069.37,693.37,312.52,407.52,360.02,59.46,150.46,104.96,689.36,1627.36,1158.36,1582.86,2482.86,2032.86,473.37,673.37,573.37,2056.23,3156.23,2606.23,40546.94,759.26,1682.00
2037,430.11,1.20,4.75,4.12,2.46,0.49,0.12,0.11,12.05,3.04,4.01,0.97,3.81,3.39,6.16,319.87,1071.87,695.87,317.32,412.32,364.82,63.62,154.62,109.12,700.80,1638.80,1169.80,1579.86,2479.86,2029.86,472.52,672.52,572.52,2052.39,3152.39,2602.39,40543.52,753.04,1683.00
2036,428.52,1.19,4.70,4.08,2.43,0.48,0.12,0.11,11.93,3.02,4.00,0.98,3.77,3.36,6.10,322.33,1074.33,698.33,322.07,417.07,369.57,67.73,158.73,113.23,712.13,1650.13,1181.13,1576.89,2476.89,2026.89,471.69,671.69,571.69,2048.58,3148.58,2598.58,40540.13,746.88,1684.00
2035,426.93,1.17,4.65,4.05,2.40,0.47,0.12,0.11,11.80,3.01,3.99,0.98,3.74,3.32,6.04,324.76,1076.76,700.76,326.77,421.77,374.27,71.81,162.81,117.31,723.35,1661.35,1192.35,1573.95,2473.95,2023.95,470.86,670.86,570.86,2044.80,3144.80,2594.80,40536.77,740.78,1685.00
2034,425.34,1.15,4.60,4.01,2.37,0.47,0.12,0.11,11.68,2.99,3.98,0.99,3.70,3.29,5.98,327.16,1079.16,703.16,331.42,426.42,378.92,75.86,166.86,121.36,734.45,1672.45,1203.45,1571.03,2471.03,2021.03,470.03,670.03,570.03,2041.06,3141.06,2591.06,40533.45,734.74,1686.00
2033,423.76,1.13,4.56,3.97,2.34,0.46,0.12,0.11,11.56,2.97,3.97,1.00,3.67,3.26,5.92,329.53,1081.53,705.53,336.03,431.03,383.53,79.87,170.87,125.37,745.43,1683.43,1214.43,1568.14,2468.14,2018.14,469.22,669.22,569.22,2037.36,3137.36,2587.36,40530.16,728.76,1687.00
2032,422.17,1.11,4.51,3.94,2.31,0.46,0.12,0.10,11.43,2.96,3.96,1.00,3.63,3.23,5.86,331.87,1083.87,707.87,340.59,435.59,388.09,83.84,174.84,129.34,756.30,1694.30,1225.30,1565.28,2465.28,2015.28,468.41,668.41,568.41,2033.69,3133.69,2583.69,40526.90,722.83,1688.00
2031,420.58,1.09,4.46,3.90,2.28,0.45,0.11,0.10,11.31,2.94,3.95,1.01,3.60,3.19,5.81,334.19,1086.19,710.19,345.09,440.09,392.59,87.78,178.78,133.28,767.06,1705.06,1236.06,1562.45,2462.45,2012.45,467.61,667.61,567.61,2030.06,3130.06,2580.06,40523.67,716.97,1689.00
2030,418.99,1.07,4.41,3.87,2.25,0.44,0.11,0.10,11.19,2.92,3.94,1.02,3.56,3.16,5.75,336.47,1088.47,712.47,349.55,444.55,397.05,91.68,182.68,137.18,777.70,1715.70,1246.70,1559.64,2459.64,2009.64,466.82,666.82,566.82,2026.46,3126.46,2576.46,40520.48,711.16,1690.00
2029,417.40,1.06,4.36,3.83,2.22,0.44,0.11,0.10,11.06,2.91,3.93,1.02,3.53,3.13,5.69,338.72,1090.72,714.72,353.97,448.97,401.47,95.55,186.55,141.05,788.23,1726.23,1257.23,1556.86,2456.86,2006.86,466.04,666.04,566.04,2022.90,3122.90,2572.90,40517.31,705.42,1691.00
2028,415.81,1.04,4.31,3.79,2.19,0.43,0.11,0.10,10.94,2.89,3.92,1.03,3.49,3.10,5.63,340.94,1092.94,716.94,358.33,453.33,405.83,99.38,190.38,144.88,798.65,1736.65,1267.65,1554.11,2454.11,2004.11,465.26,665.26,565.26,2019.37,3119.37,2569.37,40514.18,699.73,1692.00
2027,414.22,1.02,4.27,3.76,2.16,0.42,0.11,0.10,10.82,2.87,3.91,1.04,3.46,3.06,5.57,343.13,1095.13,719.13,362.64,457.64,410.14,103.17,194.17,148.67,808.95,1746.95,1277.95,1551.38,2451.38,2001.38,464.49,664.49,564.49,2015.87,3115.87,2565.87,40511.09,694.10,1693.00
2026,412.63,1.00,4.22,3.72,2.13,0.42,0.11,0.10,10.69,2.86,3.90,1.05,3.42,3.03,5.51,345.30,1097.30,721.30,366.91,461.91,414.41,106.93,197.93,152.43,819.13,1757.13,1288.13,1548.68,2448.68,1998.68,463.73,663.73,563.73,2012.41,3112.41,2562.41,40508.02,688.53,1694.00
2025,411.05,0.98,4.17,3.69,2.10,0.41,0.11,0.09,10.57,2.84,3.89,1.05,3.39,3.00,5.45,347.43,1099.43,723.43,371.13,466.13,418.63,110.65,201.65,156.15,829.21,1767.21,1298.21,1546.01,2446.01,1996.01,462.98,662.98,562.98,2008.99,3108.99,2558.99,40504.99,683.02,1695.00
2024,409.46,0.96,4.12,3.65,2.07,0.40,0.11,0.09,10.45,2.82,3.88,1.06,3.35,2.97,5.39,349.53,1101.53,725.53,375.30,470.30,422.80,114.34,205.34,159.84,839.16,1777.16,1308.16,1543.37,2443.37,1993.37,462.23,662.23,562.23,2005.60,3105.60,2555.60,40501.99,677.57,1696.00
2023,407.87,0.94,4.07,3.61,2.04,0.40,0.11,0.09,10.32,2.81,3.87,1.07,3.32,2.94,5.33,351.60,1103.60,727.60,379.42,474.42,426.92,117.99,208.99,163.49,849.01,1787.01,1318.01,1540.75,2440.75,1990.75,461.49,661.49,561.49,2002.24,3102.24,2552.24,40499.02,672.18,1697.00
2022,406.28,0.93,4.02,3.58,2.01,0.39,0.11,0.09,10.20,2.79,3.86,1.07,3.28,2.90,5.28,353.65,1105.65,729.65,383.49,478.49,430.99,121.60,212.60,167.10,858.74,1796.74,1327.74,1538.16,2438.16,1988.16,460.76,660.76,560.76,1998.92,3098.92,2548.92,40496.09,666.84,1698.00
2021,404.69,0.91,3.98,3.54,1.98,0.38,0.10,0.09,10.08,2.77,3.85,1.08,3.25,2.87,5.22,355.66,1107.66,731.66,387.51,482.51,435.01,125.18,216.18,170.68,868.35,1806.35,1337.35,1535.60,2435.60,1985.60,460.04,660.04,560.04,1995.64,3095.64,2545.64,40493.18,661.57,1699.00
2020,411.98,1.01,3.81,3.02,2.02,0.44,0.12,0.08,9.50,2.76,3.64,0.88,2.92,2.99,5.01,357.64,1109.64,733.64,391.49,486.49,438.99,128.72,219.72,174.22,877.85,1815.85,1346.85,1533.06,2433.06,1983.06,459.33,659.33,559.33,1992.39,3092.39,2542.39,40490.31,656.35,1700.00
2019,409.27,0.98,3.98,3.34,2.06,0.44,0.12,0.08,10.02,2.75,3.79,1.04,2.69,2.97,5.39,359.66,1111.66,735.66,395.30,490.30,442.80,131.74,222.74,177.24,886.70,1824.70,1355.70,1530.79,2430.79,1980.79,458.68,658.68,558.68,1989.47,3089.47,2539.47,40487.32,651.34,1700.00
2018,407.00,0.85,4.02,3.33,2.04,0.43,0.11,0.08,10.00,2.74,3.79,1.05,3.35,2.91,5.12,361.72,1113.72,737.72,399.28,494.28,446.78,135.08,226.08,180.58,896.08,1834.08,1365.08,1528.69,2428.69,1978.69,458.09,658.09,558.09,1986.78,3086.78,2536.78,40484.34,645.95,1700.00
2017,404.64,0.92,3.94,3.31,1.94,0.41,0.12,0.08,9.81,2.73,3.73,1.00,3.52,2.84,4.57,363.76,1115.76,739.76,403.30,498.30,450.80,138.41,229.41,183.91,905.47,1843.47,1374.47,1526.08,2426.08,1976.08,457.35,657.35,557.35,1983.43,3083.43,2533.43,40481.43,640.83,1700.00
2016,402.06,0.87,3.92,3.26,1.90,0.40,0.11,0.08,9.68,2.73,3.74,1.01,2.80,2.93,6.01,365.70,1117.70,741.70,407.24,502.24,454.74,141.72,232.72,187.22,914.66,1852.66,1383.66,1523.33,2423.33,1973.33,456.58,656.58,556.58,1979.91,3079.91,2529.91,40478.60,636.26,1700.00
2015,399.15,0.90,4.02,3.24,1.85,0.39,0.10,0.08,9.69,2.71,4.01,1.30,2.15,2.79,6.27,367.60,1119.60,743.60,411.16,506.16,458.66,144.98,235.98,190.48,923.74,1861.74,1392.74,1521.15,2421.15,1971.15,455.96,655.96,555.96,1977.11,3077.11,2527.11,40475.66,630.25,1700.00
2014,397.03,0.74,4.11,3.17,1.82,0.41,0.10,0.08,9.70,2.68,3.93,1.25,3.60,2.72,4.35,369.45,1121.45,745.45,415.18,510.18,462.68,148.22,239.22,193.72,932.85,1870.85,1401.85,1519.47,2419.47,1969.47,455.49,655.49,555.49,1974.96,3074.96,2524.96,40472.88,623.98,1700.00
2013,394.57,0.68,4.11,3.16,1.79,0.39,0.10,0.08,9.63,2.67,3.85,1.18,3.26,2.60,5.18,371.27,1123.27,747.27,419.29,514.29,466.79,151.39,242.39,196.89,941.95,1879.95,1410.95,1516.66,2416.66,1966.66,454.70,654.70,554.70,1971.36,3071.36,2521.36,40470.16,619.63,1700.00
2012,392.06,0.65,4.08,3.14,1.78,0.38,0.10,0.08,9.55,2.65,3.93,1.28,2.39,2.55,5.12,373.06,1125.06,749.06,423.40,518.40,470.90,154.55,245.55,200.05,951.01,1889.01,1420.01,1514.12,2414.12,1964.12,453.98,653.98,553.98,1968.10,3068.10,2518.10,40467.55,614.45,1700.00
2011,389.99,0.61,4.03,3.09,1.74,0.37,0.10,0.07,9.41,2.63,3.95,1.32,3.94,2.49,3.59,374.84,1126.84,750.84,427.48,522.48,474.98,157.69,248.69,203.19,960.01,1898.01,1429.01,1512.25,2412.25,1962.25,453.46,653.46,553.46,1965.71,3065.71,2515.71,40465.00,609.33,1700.00
2010,387.63,0.72,3.81,3.09,1.69,0.34,0.10,0.07,9.10,2.63,3.80,1.17,3.11,2.44,5.12,376.58,1128.58,752.58,431.51,526.51,479.01,160.78,251.78,206.28,968.87,1906.87,1437.87,1509.18,2409.18,1959.18,452.59,652.59,552.59,1961.77,3061.77,2511.77,40462.51,605.74,1700.00
2009,385.79,0.66,3.57,3.00,1.57,0.32,0.10,0.07,8.63,2.60,3.83,1.24,2.67,2.45,3.36,378.27,1130.27,754.27,435.32,530.32,482.82,163.87,254.87,209.37,977.46,1915.46,1446.46,1506.75,2406.75,1956.75,451.91,651.91,551.91,1958.66,3058.66,2508.66,40460.07,600.62,1700.00
2008,384.19,0.54,3.61,3.06,1.60,0.31,0.10,0.07,8.75,2.58,3.71,1.13,3.36,2.31,3.76,379.84,1131.84,755.84,438.89,533.89,486.39,166.87,257.87,212.37,985.60,1923.60,1454.60,1504.67,2404.67,1954.67,451.32,651.32,551.32,1955.99,3055.99,2505.99,40457.62,597.26,1700.00
2007,382.02,0.66,3.50,3.07,1.56,0.31,0.10,0.07,8.60,2.57,3.68,1.10,2.63,2.32,4.50,381.44,1133.44,757.44,442.50,537.50,490.00,169.93,260.93,215.43,993.87,1931.87,1462.87,1502.05,2402.05,1952.05,450.58,650.58,550.58,1952.63,3052.63,2502.63,40455.32,593.50,1700.00
2006,380.31,0.64,3.34,3.06,1.51,0.29,0.09,0.07,8.35,2.55,3.82,1.27,2.94,2.35,3.78,383.00,1135.00,759.00,446.00,541.00,493.50,173.00,264.00,218.50,1002.00,1940.00,1471.00,1500.00,2400.00,1950.00,450.00,650.00,550.00,1950.00,3050.00,2500.00,40453.00,589.00,1700.00
2005,377.68,0.68,3.16,3.03,1.47,0.26,0.09,0.07,8.08,2.54,3.66,1.12,1.88,2.25,5.23,384.47,1136.47,760.47,449.16,544.16,496.66,176.03,267.03,221.53,1009.66,1947.66,1478.66,1498.53,2398.53,1948.53,449.59,649.59,549.59,1948.12,3048.12,2498.12,40450.75,583.77,1700.00
2004,376.17,0.53,2.97,3.01,1.44,0.25,0.08,0.06,7.81,2.51,3.76,1.25,3.26,2.21,3.29,385.91,1137.91,761.91,452.13,547.13,499.63,179.04,270.04,224.54,1017.08,1955.08,1486.08,1495.99,2395.99,1945.99,448.87,648.87,548.87,1944.86,3044.86,2494.86,40448.54,580.48,1700.00
2003,373.98,0.62,2.80,2.91,1.39,0.23,0.08,0.06,7.47,2.49,3.88,1.39,2.16,2.27,4.86,387.30,1139.30,763.30,454.93,549.93,502.43,181.95,272.95,227.45,1024.18,1962.18,1493.18,1494.31,2394.31,1944.31,448.39,648.39,548.39,1942.70,3042.70,2492.70,40446.28,575.62,1700.00
2002,371.42,0.63,2.58,2.83,1.34,0.22,0.08,0.06,7.11,2.47,3.75,1.29,1.02,2.13,5.06,388.64,1140.64,764.64,457.51,552.51,505.01,184.78,275.78,230.28,1030.93,1968.93,1499.93,1493.51,2393.51,1943.51,448.17,648.17,548.17,1941.68,3041.68,2491.68,40444.15,570.56,1700.00
2001,369.83,0.54,2.47,2.83,1.31,0.20,0.07,0.06,6.95,2.44,3.58,1.14,2.40,1.79,3.91,389.95,1141.95,765.95,459.98,554.98,507.48,187.61,278.61,233.11,1037.54,1975.54,1506.54,1491.64,2391.64,1941.64,447.64,647.64,547.64,1939.28,3039.28,2489.28,40442.36,566.65,1700.00
2000,368.26,0.39,2.46,2.81,1.29,0.20,0.07,0.06,6.89,2.41,3.65,1.24,3.52,1.87,2.63,391.24,1143.24,767.24,462.44,557.44,509.94,190.42,281.42,235.92,1044.10,1982.10,1513.10,1488.89,2388.89,1938.89,446.87,646.87,546.87,1935.76,3035.76,2485.76,40440.49,564.02,1700.00
1999,367.30,0.38,2.37,2.75,1.26,0.19,0.06,0.06,6.69,2.38,3.76,1.38,3.38,1.95,2.85,392.50,1144.50,768.50,464.81,559.81,512.31,193.17,284.17,238.67,1050.48,1988.48,1519.48,1486.26,2386.26,1936.26,446.12,646.12,546.12,1932.38,3032.38,2482.38,40438.54,561.17,1700.00
1998,364.51,0.61,2.39,2.69,1.23,0.18,0.06,0.06,6.61,2.37,3.77,1.40,1.57,2.14,6.03,393.73,1145.73,769.73,467.20,562.20,514.70,195.86,286.86,241.36,1056.79,1994.79,1525.79,1485.03,2385.03,1935.03,445.78,645.78,545.78,1930.81,3030.81,2480.81,40436.40,555.14,1700.00
1997,362.39,0.46,2.46,2.66,1.21,0.18,0.07,0.06,6.63,2.34,4.16,1.82,3.06,2.07,4.21,394.94,1146.94,770.94,469.66,564.66,517.16,198.52,289.52,244.02,1063.12,2001.12,1532.12,1482.65,2382.65,1932.65,445.11,645.11,545.11,1927.75,3027.75,2477.75,40434.33,550.93,1700.00
1996,360.82,0.33,2.47,2.62,1.20,0.17,0.06,0.06,6.59,2.31,3.63,1.32,3.06,1.95,2.25,396.14,1148.14,772.14,472.13,567.13,519.63,201.14,292.14,246.64,1069.41,2007.41,1538.41,1480.26,2380.26,1930.26,444.43,644.43,544.43,1924.69,3024.69,2474.69,40432.38,548.68,1700.00
1995,359.10,0.45,2.41,2.55,1.15,0.17,0.06,0.06,6.40,2.31,3.61,1.30,1.59,1.95,4.23,397.29,1149.29,773.29,474.54,569.54,522.04,203.69,294.69,249.19,1075.52,2013.52,1544.52,1479.02,2379.02,1929.02,444.08,644.08,544.08,1923.10,3023.10,2473.10,40430.43,544.45,1700.00
1994,357.03,0.32,2.34,2.52,1.12,0.16,0.06,0.06,6.27,2.28,3.59,1.31,1.48,1.98,3.53,398.41,1150.41,774.41,476.88,571.88,524.38,206.21,297.21,251.71,1081.50,2019.50,1550.50,1477.86,2377.86,1927.86,443.76,643.76,543.76,1921.62,3021.62,2471.62,40428.45,540.92,1700.00
1993,355.68,0.23,2.33,2.51,1.11,0.15,0.06,0.06,6.22,2.25,3.42,1.17,2.82,2.12,2.63,399.52,1151.52,775.52,479.21,574.21,526.71,208.72,299.72,254.22,1087.45,2025.45,1556.45,1475.66,2375.66,1925.66,443.14,643.14,543.14,1918.80,3018.80,2468.80,40426.34,538.29,1700.00
1992,355.21,0.22,2.30,2.51,1.08,0.15,0.06,0.06,6.16,2.24,3.43,1.20,2.12,2.17,1.51,400.60,1152.60,776.60,481.51,576.51,529.01,211.23,302.23,256.73,1093.34,2031.34,1562.34,1474.01,2374.01,1924.01,442.67,642.67,542.67,1916.68,3016.68,2466.68,40424.17,536.78,1700.00
1991,354.41,0.40,2.36,2.64,1.07,0.14,0.07,0.06,6.34,2.22,3.37,1.15,2.02,2.00,1.59,401.67,1153.67,777.67,483.87,578.87,531.37,213.87,304.87,259.37,1099.41,2037.41,1568.41,1472.43,2372.43,1922.43,442.23,642.23,542.23,1914.66,3014.66,2464.66,40422.16,535.19,1700.00
1990,352.91,0.45,2.38,2.52,1.05,0.14,0.07,0.06,6.21,2.19,3.37,1.17,2.23,1.92,2.55,402.72,1154.72,778.72,486.25,581.25,533.75,216.39,307.39,261.89,1105.36,2043.36,1574.36,1470.70,2370.70,1920.70,441.73,641.73,541.73,1912.43,3012.43,2462.43,40420.25,532.64,1700.00
1989,351.62,0.27,2.44,2.49,0.98,0.13,0.04,0.02,6.12,2.17,3.35,1.19,3.41,1.74,3.14,403.70,1155.70,779.70,488.69,583.69,536.19,218.88,309.88,264.38,1111.27,2049.27,1580.27,1468.04,2368.04,1918.04,440.98,640.98,540.98,1909.02,3009.02,2459.02,40418.51,529.50,1700.00
1988,349.28,0.39,2.44,2.45,0.94,0.13,0.05,0.02,6.03,2.15,3.38,1.23,2.07,1.77,4.63,404.64,1156.64,780.64,491.13,586.13,538.63,221.33,312.33,266.83,1117.10,2055.10,1586.10,1466.42,2366.42,1916.42,440.53,640.53,540.53,1906.95,3006.95,2456.95,40416.74,524.87,1700.00
1987,347.48,0.32,2.36,2.37,0.89,0.12,0.04,0.02,5.80,2.14,3.40,1.26,0.38,1.85,5.65,405.53,1157.53,781.53,493.49,588.49,540.99,223.70,314.70,269.20,1122.72,2060.72,1591.72,1466.12,2366.12,1916.12,440.45,640.45,540.45,1906.57,3006.57,2456.57,40414.89,519.22,1700.00
1986,346.12,0.18,2.28,2.34,0.83,0.12,0.05,0.02,5.63,2.12,3.43,1.32,2.16,1.75,2.12,406.36,1158.36,782.36,495.77,590.77,543.27,226.04,317.04,271.54,1128.17,2066.17,1597.17,1464.44,2364.44,1914.44,439.97,639.97,539.97,1904.41,3004.41,2454.41,40413.14,517.10,1700.00
1985,345.00,0.12,2.25,2.27,0.84,0.11,0.05,0.02,5.55,2.10,3.43,1.34,2.55,1.72,3.48,407.20,1159.20,783.20,498.02,593.02,545.52,228.31,319.31,273.81,1133.53,2071.53,1602.53,1462.45,2362.45,1912.45,439.41,639.41,539.41,1901.86,3001.86,2451.86,40411.41,513.62,1700.00
1984,343.20,0.16,2.10,2.27,0.81,0.11,0.05,0.01,5.36,2.09,3.50,1.41,2.67,1.84,2.61,408.01,1160.01,784.01,500.12,595.12,547.62,230.58,321.58,276.08,1138.71,2076.71,1607.71,1460.37,2360.37,1910.37,438.82,638.82,538.82,1899.19,2999.19,2449.19,40409.57,511.01,1700.00
1983,340.78,0.31,2.01,2.25,0.75,0.11,0.06,0.01,5.19,2.09,3.36,1.27,0.29,1.95,3.93,408.76,1160.76,784.76,502.13,597.13,549.63,232.83,323.83,278.33,1143.72,2081.72,1612.72,1460.14,2360.14,1910.14,438.76,638.76,538.76,1898.90,2998.90,2448.90,40407.62,507.08,1700.00
1982,339.91,0.14,1.95,2.28,0.74,0.11,0.06,0.01,5.15,2.09,3.24,1.16,1.54,1.82,2.08,409.50,1161.50,785.50,504.08,599.08,551.58,235.11,326.11,280.61,1148.69,2086.69,1617.69,1458.94,2358.94,1908.94,438.42,638.42,538.42,1897.36,2997.36,2447.36,40405.80,505.00,1700.00
1981,338.29,0.32,1.92,2.33,0.75,0.11,0.06,0.01,5.19,2.08,3.26,1.18,2.24,1.67,2.46,410.25,1162.25,786.25,506.00,601.00,553.50,237.44,328.44,282.94,1153.69,2091.69,1622.69,1457.19,2357.19,1907.19,437.93,637.93,537.93,1895.12,2995.12,2445.12,40404.13,502.54,1700.00
1980,336.81,0.26,1.93,2.45,0.74,0.11,0.09,0.01,5.32,2.07,3.20,1.13,0.45,1.67,3.63,410.99,1162.99,786.99,507.93,602.93,555.43,239.89,330.89,285.39,1158.81,2096.81,1627.81,1456.84,2356.84,1906.84,437.83,637.83,537.83,1894.67,2994.67,2444.67,40402.47,498.91,1700.00
1979,334.91,0.16,1.87,2.54,0.72,0.11,0.10,0.01,5.35,2.06,3.22,1.16,1.36,1.41,4.55,411.71,1163.71,787.71,509.80,604.80,557.30,242.43,333.43,287.93,1163.94,2101.94,1632.94,1455.78,2355.78,1905.78,437.53,637.53,537.53,1893.31,2993.31,2443.31,40401.06,494.36,1700.00
1978,333.60,0.07,1.80,2.50,0.68,0.11,0.11,0.01,5.20,2.05,3.20,1.15,2.65,1.49,2.74,412.39,1164.39,788.39,511.60,606.60,559.10,244.93,335.93,290.43,1168.92,2106.92,1637.92,1453.71,2353.71,1903.71,436.95,636.95,536.95,1890.66,2990.66,2440.66,40399.57,491.62,1700.00
1977,331.62,0.18,1.75,2.42,0.65,0.10,0.10,0.01,5.05,2.04,3.31,1.27,1.61,1.45,4.08,413.04,1165.04,789.04,513.35,608.35,560.85,247.35,338.35,292.85,1173.74,2111.74,1642.74,1452.46,2352.46,1902.46,436.59,636.59,536.59,1889.05,2989.05,2439.05,40398.12,487.54,1700.00
1976,330.62,-0.10,1.72,2.33,0.64,0.09,0.11,0.01,4.91,2.02,3.32,1.30,2.93,1.33,2.06,413.68,1165.68,789.68,515.07,610.07,562.57,249.68,340.68,295.18,1178.43,2116.43,1647.43,1450.17,2350.17,1900.17,435.95,635.95,535.95,1886.12,2986.12,2436.12,40396.79,485.48,1700.00
1975,329.58,-0.01,1.64,2.21,0.60,0.09,0.09,0.01,4.65,2.01,3.43,1.42,2.45,1.21,2.61,414.28,1166.28,790.28,516.71,611.71,564.21,251.89,342.89,297.39,1182.88,2120.88,1651.88,1448.26,2348.26,1898.26,435.41,635.41,535.41,1883.67,2983.67,2433.67,40395.58,482.87,1700.00
1974,328.64,-0.07,1.60,2.23,0.59,0.09,0.11,0.01,4.64,2.00,3.19,1.19,3.77,1.26,1.44,414.87,1166.87,790.87,518.31,613.31,565.81,254.12,345.12,299.62,1187.30,2125.30,1656.30,1445.32,2345.32,1895.32,434.58,634.58,534.58,1879.90,2979.90,2429.90,40394.32,481.43,1700.00
1973,327.55,0.16,1.60,2.27,0.58,0.09,0.11,0.01,4.66,2.00,3.24,1.24,1.62,1.34,3.10,415.45,1167.45,791.45,519.91,614.91,567.41,256.39,347.39,301.89,1191.75,2129.75,1660.75,1444.06,2344.06,1894.06,434.22,634.22,534.22,1878.28,2978.28,2428.28,40392.98,478.33,1700.00
1972,326.01,0.01,1.55,2.12,0.56,0.09,0.09,0.01,4.43,1.98,3.25,1.28,1.13,1.39,3.12,416.01,1168.01,792.01,521.46,616.46,568.96,258.51,349.51,304.01,1195.98,2133.98,1664.98,1443.18,2343.18,1893.18,433.97,633.97,533.97,1877.15,2977.15,2427.15,40391.59,475.21,1700.00
1971,325.13,-0.08,1.56,1.97,0.53,0.08,0.09,0.01,4.23,1.97,3.24,1.27,2.42,1.15,1.55,416.54,1168.54,792.54,523.02,618.02,570.52,260.48,351.48,305.98,1200.04,2138.04,1669.04,1441.29,2341.29,1891.29,433.44,633.44,533.44,1874.73,2974.73,2424.73,40390.45,473.66,1700.00
1970,324.12,0.03,1.55,1.86,0.49,0.08,0.08,0.01,4.07,1.95,3.24,1.29,0.51,1.09,2.40,417.03,1169.03,793.03,524.57,619.57,572.07,262.34,353.34,307.84,1203.94,2141.94,1672.94,1440.89,2340.89,1890.89,433.33,633.33,533.33,1874.22,2974.22,2424.22,40389.35,471.26,1700.00
1969,322.89,0.05,1.51,1.63,0.47,0.07,0.07,0.01,3.76,1.93,3.23,1.29,0.58,1.20,2.80,417.50,1169.50,793.50,526.08,621.08,573.58,263.97,354.97,309.47,1207.55,2145.55,1676.55,1440.44,2340.44,1890.44,433.20,633.20,533.20,1873.64,2973.64,2423.64,40388.16,468.46,1700.00
1968,321.96,-0.08,1.45,1.51,0.43,0.07,0.06,0.01,3.52,1.91,3.29,1.38,2.40,1.11,2.10,417.93,1169.93,793.93,527.53,622.53,575.03,265.48,356.48,310.98,1210.94,2148.94,1679.94,1438.57,2338.57,1888.57,432.67,632.67,532.67,1871.24,2971.24,2421.24,40387.04,466.36,1700.00
1967,321.03,-0.02,1.44,1.39,0.39,0.07,0.05,0.01,3.34,1.90,3.27,1.37,1.63,1.11,1.30,418.32,1170.32,794.32,528.97,623.97,576.47,266.87,357.87,312.37,1214.16,2152.16,1683.16,1437.30,2337.30,1887.30,432.31,632.31,532.31,1869.61,2969.61,2419.61,40385.94,465.06,1700.00
1966,319.42,-0.06,1.46,1.30,0.37,0.06,0.04,0.01,3.24,1.89,3.24,1.35,1.35,1.24,2.34,418.69,1170.69,794.69,530.43,625.43,577.93,268.17,359.17,313.67,1217.29,2155.29,1686.29,1436.24,2336.24,1886.24,432.02,632.02,532.02,1868.26,2968.26,2418.26,40384.70,462.72,1700.00
1965,318.71,-0.11,1.44,1.20,0.34,0.06,0.04,0.01,3.09,1.88,3.30,1.42,0.29,1.27,2.34,419.03,1171.03,795.03,531.87,626.87,579.37,269.37,360.37,314.87,1220.27,2158.27,1689.27,1436.02,2336.02,1886.02,431.95,631.95,531.95,1867.97,2967.97,2417.97,40383.43,460.38,1700.00
1964,318.35,-0.20,1.42,1.12,0.31,0.06,0.03,0.01,2.96,1.85,3.42,1.56,1.55,1.18,1.04,419.34,1171.34,795.34,533.29,628.29,580.79,270.49,361.49,315.99,1223.12,2161.12,1692.12,1434.81,2334.81,1884.81,431.61,631.61,531.61,1866.42,2966.42,2416.42,40382.25,459.34,1700.00
1963,317.70,0.05,1.39,1.04,0.29,0.05,0.02,0.01,2.80,1.84,3.49,1.65,1.06,0.98,1.21,419.63,1171.63,795.63,534.68,629.68,582.18,271.53,362.53,317.03,1225.84,2163.84,1694.84,1433.98,2333.98,1883.98,431.38,631.38,531.38,1865.36,2965.36,2415.36,40381.27,458.13,1700.00
1962,317.01,0.03,1.34,0.97,0.26,0.05,0.02,0.01,2.66,1.82,3.61,1.79,1.16,0.80,1.19,419.89,1171.89,795.89,536.02,631.02,583.52,272.50,363.50,318.00,1228.41,2166.41,1697.41,1433.08,2333.08,1883.08,431.12,631.12,531.12,1864.20,2964.20,2414.20,40380.47,456.94,1700.00
1961,316.19,0.06,1.35,0.90,0.24,0.04,0.02,0.01,2.57,1.80,3.66,1.86,0.61,0.75,1.66,420.13,1172.13,796.13,537.37,632.37,584.87,273.40,364.40,318.90,1230.90,2168.90,1699.90,1432.60,2332.60,1882.60,430.99,630.99,530.99,1863.59,2963.59,2413.59,40379.72,455.28,1700.00
1960,315.58,-0.03,1.41,0.85,0.23,0.04,0.02,0.01,2.56,1.77,3.63,1.85,1.16,0.90,1.51,420.36,1172.36,796.36,538.78,633.78,586.28,274.25,365.25,319.75,1233.39,2171.39,1702.39,1431.70,2331.70,1881.70,430.73,630.73,530.73,1862.43,2962.43,2412.43,40378.82,453.77,1700.00
1959,314.67,0.03,1.36,0.77,0.20,0.03,0.02,0.01,2.42,1.75,3.59,1.85,0.40,0.92,2.04,420.56,1172.56,796.56,540.14,635.14,587.64,275.02,366.02,320.52,1235.73,2173.73,1704.73,1431.38,2331.38,1881.38,430.65,630.65,530.65,1862.03,2962.03,2412.03,40377.90,451.73,1700.00
1958,321.90,-0.10,1.34,0.69,0.18,0.03,0.01,0.01,2.26,1.72,3.23,1.51,0.30,0.64,1.70,420.74,1172.74,796.74,541.48,636.48,588.98,275.71,366.71,321.21,1237.93,2175.93,1706.93,1431.15,2331.15,1881.15,430.58,630.58,530.58,1861.73,2961.73,2411.73,40377.26,450.03,1700.00
1957,321.18,-0.01,1.33,0.61,0.15,0.03,0.01,0.01,2.14,1.70,3.22,1.52,0.30,0.63,1.61,420.89,1172.89,796.89,542.81,637.81,590.31,276.32,367.32,321.82,1240.02,2178.02,1709.02,1430.92,2330.92,1880.92,430.52,630.52,530.52,1861.43,2961.43,2411.43,40376.63,448.42,1700.00
1956,319.43,-0.07,1.31,0.54,0.13,0.02,0.01,0.01,2.03,1.69,3.21,1.52,0.29,0.61,1.54,421.02,1173.02,797.02,544.12,639.12,591.62,276.87,367.87,322.37,1242.01,2180.01,1711.01,1430.69,2330.69,1880.69,430.45,630.45,530.45,1861.14,2961.14,2411.14,40376.02,446.88,1700.00
1955,318.10,0.14,1.30,0.47,0.11,0.02,0.01,0.01,1.91,1.67,3.20,1.53,0.29,0.60,1.46,421.12,1173.12,797.12,545.42,640.42,592.92,277.33,368.33,322.83,1243.88,2181.88,1712.88,1430.47,2330.47,1880.47,430.39,630.39,530.39,1860.86,2960.86,2410.86,40375.43,445.42,1700.00
1954,318.37,0.29,1.29,0.39,0.08,0.01,0.01,0.01,1.80,1.65,3.19,1.54,0.28,0.58,1.39,421.21,1173.21,797.21,546.71,641.71,594.21,277.73,368.73,323.23,1245.64,2183.64,1714.64,1430.25,2330.25,1880.25,430.33,630.33,530.33,1860.58,2960.58,2410.58,40374.85,444.04,1700.00
1953,317.68,-0.09,1.27,0.32,0.08,0.01,0.01,0.01,1.71,1.64,3.18,1.54,0.28,0.57,1.32,421.29,1173.29,797.29,547.98,642.98,595.48,278.05,369.05,323.55,1247.32,2185.32,1716.32,1430.03,2330.03,1880.03,430.27,630.27,530.27,1860.30,2960.30,2410.30,40374.28,442.72,1700.00
1952,317.14,0.07,1.26,0.25,0.08,0.01,0.01,0.01,1.62,1.62,3.17,1.55,0.27,0.56,1.26,421.37,1173.37,797.37,549.25,644.25,596.75,278.30,369.30,323.80,1248.91,2186.91,1717.91,1429.82,2329.82,1879.82,430.21,630.21,530.21,1860.03,2960.03,2410.03,40373.72,441.45,1700.00
1951,316.20,0.09,1.25,0.25,0.08,0.00,0.01,0.01,1.60,1.60,3.16,1.56,0.27,0.56,1.23,421.45,1173.45,797.45,550.49,645.49,597.99,278.54,369.54,324.04,1250.49,2188.49,1719.49,1429.61,2329.61,1879.61,430.15,630.15,530.15,1859.75,2959.75,2409.75,40373.16,440.22,1700.00
1950,315.59,-0.08,1.24,0.25,0.08,0.00,0.01,0.01,1.59,1.59,3.15,1.56,0.28,0.56,1.20,421.54,1173.54,797.54,551.73,646.73,599.23,278.79,369.79,324.29,1252.05,2190.05,1721.05,1429.39,2329.39,1879.39,430.08,630.08,530.08,1859.47,2959.47,2409.47,40372.60,439.02,1700.00
1949,314.68,-0.02,1.22,0.25,0.08,0.00,0.01,0.01,1.57,1.57,3.14,1.57,0.28,0.56,1.17,421.62,1173.62,797.62,552.95,647.95,600.45,279.04,370.04,324.54,1253.61,2191.61,1722.61,1429.17,2329.17,1879.17,430.02,630.02,530.02,1859.19,2959.19,2409.19,40372.04,437.84,1700.00
1948,321.28,-0.06,1.21,0.25,0.08,0.00,0.01,0.01,1.56,1.55,3.13,1.58,0.28,0.57,1.15,421.70,1173.70,797.70,554.16,649.16,601.66,279.28,370.28,324.78,1255.14,2193.14,1724.14,1428.95,2328.95,1878.95,429.96,629.96,529.96,1858.91,2958.91,2408.91,40371.47,436.70,1700.00
1947,321.37,-0.11,1.20,0.25,0.08,0.00,0.01,0.01,1.55,1.54,3.12,1.58,0.29,0.57,1.12,421.78,1173.78,797.78,555.36,650.36,602.86,279.53,370.53,325.03,1256.67,2194.67,1725.67,1428.73,2328.73,1878.73,429.90,629.90,529.90,1858.63,2958.63,2408.63,40370.90,435.58,1700.00
1946,319.44,-0.20,1.18,0.25,0.08,0.00,0.01,0.01,1.54,1.52,3.11,1.59,0.29,0.57,1.09,421.86,1173.86,797.86,556.54,651.54,604.04,279.78,370.78,325.28,1258.18,2196.18,1727.18,1428.50,2328.50,1878.50,429.83,629.83,529.83,1858.34,2958.34,2408.34,40370.34,434.49,1700.00
1945,318.73,0.05,1.17,0.25,0.08,0.00,0.01,0.01,1.52,1.50,3.10,1.60,0.29,0.57,1.06,421.95,1173.95,797.95,557.71,652.71,605.21,280.02,371.02,325.52,1259.69,2197.69,1728.69,1428.28,2328.28,1878.28,429.77,629.77,529.77,1858.05,2958.05,2408.05,40369.76,433.43,1700.00
1944,318.11,0.03,1.16,0.25,0.08,0.00,0.01,0.01,1.51,1.48,3.09,1.61,0.29,0.57,1.03,422.03,1174.03,798.03,558.87,653.87,606.37,280.27,371.27,325.77,1261.17,2199.17,1730.17,1428.05,2328.05,1878.05,429.71,629.71,529.71,1857.76,2957.76,2407.76,40369.19,432.39,1700.00
1943,317.21,0.06,1.15,0.25,0.08,0.00,0.01,0.01,1.50,1.47,3.08,1.61,0.30,0.58,1.01,422.11,1174.11,798.11,560.02,655.02,607.52,280.52,371.52,326.02,1262.65,2200.65,1731.65,1427.82,2327.82,1877.82,429.64,629.64,529.64,1857.46,2957.46,2407.46,40368.62,431.39,1700.00
1942,317.28,-0.04,1.13,0.25,0.08,0.00,0.01,0.01,1.48,1.45,3.07,1.62,0.30,0.58,0.98,422.19,1174.19,798.19,561.15,656.15,608.65,280.77,371.77,326.27,1264.11,2202.11,1733.11,1427.59,2327.59,1877.59,429.58,629.58,529.58,1857.16,2957.16,2407.16,40368.04,430.41,1700.00
1941,316.21,0.04,1.12,0.25,0.08,0.00,0.01,0.01,1.47,1.43,3.06,1.63,0.30,0.58,0.95,422.27,1174.27,798.27,562.27,657.27,609.77,281.01,372.01,326.51,1265.56,2203.56,1734.56,1427.35,2327.35,1877.35,429.51,629.51,529.51,1856.86,2956.86,2406.86,40367.46,429.45,1700.00
1940,315.60,-0.10,1.11,0.25,0.08,0.00,0.01,0.01,1.46,1.42,3.05,1.63,0.30,0.58,0.93,422.36,1174.36,798.36,563.38,658.38,610.88,281.26,372.26,326.76,1266.99,2204.99,1735.99,1427.12,2327.12,1877.12,429.44,629.44,529.44,1856.56,2956.56,2406.56,40366.88,428.53,1700.00
1939,314.69,-0.01,1.09,0.25,0.08,0.00,0.01,0.01,1.45,1.40,3.04,1.64,0.31,0.58,0.90,422.44,1174.44,798.44,564.47,659.47,611.97,281.51,372.51,327.01,1268.42,2206.42,1737.42,1426.88,2326.88,1876.88,429.38,629.38,529.38,1856.25,2956.25,2406.25,40366.30,427.63,1700.00
1938,321.46,-0.07,1.08,0.25,0.08,0.00,0.01,0.01,1.43,1.38,3.03,1.65,0.31,0.58,0.87,422.52,1174.52,798.52,565.55,660.55,613.05,281.75,372.75,327.25,1269.83,2207.83,1738.83,1426.64,2326.64,1876.64,429.31,629.31,529.31,1855.95,2955.95,2405.95,40365.71,426.75,1700.00
1937,321.56,0.44,1.07,0.25,0.08,0.00,0.01,0.01,1.42,1.37,3.02,1.65,0.31,0.59,0.85,422.60,1174.60,798.60,566.62,661.62,614.12,282.00,373.00,327.50,1271.23,2209.23,1740.23,1426.40,2326.40,1876.40,429.24,629.24,529.24,1855.64,2955.64,2405.64,40365.12,425.90,1700.00
1936,319.45,0.59,1.06,0.25,0.08,0.00,0.01,0.01,1.41,1.35,3.01,1.66,0.31,0.59,0.82,422.69,1174.69,798.69,567.68,662.68,615.18,282.25,373.25,327.75,1272.61,2210.61,1741.61,1426.15,2326.15,1876.15,429.17,629.17,529.17,1855.32,2955.32,2405.32,40364.54,425.08,1700.00
1935,318.15,-0.10,1.04,0.25,0.08,0.00,0.01,0.01,1.39,1.33,3.00,1.67,0.32,0.59,0.80,422.77,1174.77,798.77,568.72,663.72,616.22,282.49,373.49,327.99,1273.98,2211.98,1742.98,1425.91,2325.91,1875.91,429.10,629.10,529.10,1855.01,2955.01,2405.01,40363.94,424.28,1700.00
1934,318.18,0.11,1.03,0.25,0.08,0.00,0.01,0.01,1.38,1.32,2.99,1.67,0.32,0.59,0.77,422.85,1174.85,798.85,569.75,664.75,617.25,282.74,373.74,328.24,1275.34,2213.34,1744.34,1425.66,2325.66,1875.66,429.03,629.03,529.03,1854.69,2954.69,2404.69,40363.35,423.51,1700.00
1933,317.34,0.13,1.02,0.25,0.08,0.00,0.01,0.01,1.37,1.30,2.98,1.68,0.32,0.59,0.75,422.93,1174.93,798.93,570.77,665.77,618.27,282.99,373.99,328.49,1276.69,2214.69,1745.69,1425.41,2325.41,1875.41,428.96,628.96,528.96,1854.37,2954.37,2404.37,40362.76,422.76,1700.00
1932,317.41,-0.08,1.00,0.25,0.08,0.00,0.01,0.01,1.36,1.28,2.97,1.69,0.32,0.60,0.72,423.01,1175.01,799.01,571.77,666.77,619.27,283.24,374.24,328.74,1278.02,2216.02,1747.02,1425.16,2325.16,1875.16,428.89,628.89,528.89,1854.05,2954.05,2404.05,40362.16,422.04,1700.00
1931,316.22,-0.02,0.99,0.25,0.08,0.00,0.01,0.01,1.34,1.27,2.96,1.69,0.32,0.60,0.70,423.10,1175.10,799.10,572.76,667.76,620.26,283.48,374.48,328.98,1279.34,2217.34,1748.34,1424.90,2324.90,1874.90,428.82,628.82,528.82,1853.72,2953.72,2403.72,40361.56,421.35,1700.00
1930,315.61,-0.06,0.98,0.25,0.08,0.00,0.01,0.01,1.33,1.25,2.95,1.70,0.33,0.60,0.67,423.18,1175.18,799.18,573.74,668.74,621.24,283.73,374.73,329.23,1280.65,2218.65,1749.65,1424.65,2324.65,1874.65,428.75,628.75,528.75,1853.40,2953.40,2403.40,40360.96,420.67,1700.00
1929,314.70,-0.11,0.97,0.25,0.08,0.00,0.01,0.01,1.32,1.23,2.94,1.71,0.33,0.60,0.65,423.26,1175.26,799.26,574.70,669.70,622.20,283.98,374.98,329.48,1281.94,2219.94,1750.94,1424.39,2324.39,1874.39,428.67,628.67,528.67,1853.07,2953.07,2403.07,40360.36,420.02,1700.00
1928,321.65,-0.20,0.95,0.25,0.08,0.00,0.01,0.01,1.30,1.22,2.93,1.71,0.33,0.60,0.62,423.34,1175.34,799.34,575.66,670.66,623.16,284.22,375.22,329.72,1283.22,2221.22,1752.22,1424.13,2324.13,1874.13,428.60,628.60,528.60,1852.73,2952.73,2402.73,40359.76,419.40,1700.00
1927,321.74,0.05,0.94,0.25,0.08,0.00,0.01,0.01,1.29,1.20,2.92,1.72,0.33,0.61,0.60,423.42,1175.42,799.42,576.60,671.60,624.10,284.47,375.47,329.97,1284.49,2222.49,1753.49,1423.87,2323.87,1873.87,428.53,628.53,528.53,1852.40,2952.40,2402.40,40359.15,418.80,1700.00
1926,319.46,0.03,0.93,0.25,0.08,0.00,0.01,0.01,1.28,1.18,2.91,1.73,0.34,0.61,0.58,423.51,1175.51,799.51,577.52,672.52,625.02,284.72,375.72,330.22,1285.75,2223.75,1754.75,1423.61,2323.61,1873.61,428.45,628.45,528.45,1852.06,2952.06,2402.06,40358.54,418.22,1700.00
1925,318.22,0.06,0.91,0.25,0.08,0.00,0.01,0.01,1.26,1.17,2.90,1.74,0.34,0.61,0.55,423.59,1175.59,799.59,578.44,673.44,625.94,284.96,375.96,330.46,1286.99,2224.99,1755.99,1423.34,2323.34,1873.34,428.38,628.38,528.38,1851.72,2951.72,2401.72,40357.94,417.67,1700.00
1924,318.25,-0.05,0.90,0.25,0.08,0.00,0.01,0.01,1.25,1.15,2.89,1.74,0.34,0.61,0.53,423.67,1175.67,799.67,579.34,674.34,626.84,285.21,376.21,330.71,1288.22,2226.22,1757.22,1423.08,2323.08,1873.08,428.30,628.30,528.30,1851.38,2951.38,2401.38,40357.32,417.14,1700.00
1923,317.48,0.05,0.89,0.25,0.08,0.00,0.01,0.01,1.24,1.13,2.88,1.75,0.34,0.61,0.51,423.75,1175.75,799.75,580.23,675.23,627.73,285.46,376.46,330.96,1289.44,2227.44,1758.44,1422.81,2322.81,1872.81,428.23,628.23,528.23,1851.04,2951.04,2401.04,40356.71,416.63,1700.00
1922,317.55,-0.10,0.88,0.25,0.08,0.00,0.01,0.01,1.23,1.12,2.87,1.76,0.35,0.61,0.49,423.84,1175.84,799.84,581.10,676.10,628.60,285.71,376.71,331.21,1290.64,2228.64,1759.64,1422.54,2322.54,1872.54,428.15,628.15,528.15,1850.69,2950.69,2400.69,40356.10,416.14,1700.00
1921,316.23,-0.01,0.86,0.25,0.08,0.00,0.01,0.01,1.21,1.10,2.86,1.76,0.35,0.62,0.46,423.92,1175.92,799.92,581.96,676.96,629.46,285.95,376.95,331.45,1291.83,2229.83,1760.83,1422.27,2322.27,1872.27,428.08,628.08,528.08,1850.34,2950.34,2400.34,40355.48,415.68,1700.00
1920,315.62,-0.07,0.85,0.25,0.08,0.00,0.01,0.01,1.20,1.08,2.85,1.77,0.35,0.62,0.44,424.00,1176.00,800.00,582.81,677.81,630.31,286.20,377.20,331.70,1293.01,2231.01,1762.01,1422.00,2322.00,1872.00,428.00,628.00,528.00,1849.99,2949.99,2399.99,40354.86,415.24,1700.00
1919,314.71,0.74,0.84,0.25,0.08,0.00,0.01,0.01,1.19,1.07,2.84,1.78,0.35,0.62,0.42,424.08,1176.08,800.08,583.65,678.65,631.15,286.45,377.45,331.95,1294.18,2232.18,1763.18,1421.72,2321.72,1871.72,427.92,627.92,527.92,1849.64,2949.64,2399.64,40354.24,414.82,1700.00
1918,321.83,0.89,0.82,0.25,0.08,0.00,0.01,0.01,1.17,1.05,2.83,1.78,0.35,0.62,0.40,424.16,1176.16,800.16,584.47,679.47,631.97,286.69,377.69,332.19,1295.33,2233.33,1764.33,1421.44,2321.44,1871.44,427.84,627.84,527.84,1849.29,2949.29,2399.29,40353.62,414.42,1700.00
1917,321.93,-0.11,0.81,0.25,0.08,0.00,0.01,0.01,1.16,1.03,2.82,1.79,0.36,0.62,0.37,424.25,1176.25,800.25,585.28,680.28,632.78,286.94,377.94,332.44,1296.47,2234.47,1765.47,1421.16,2321.16,1871.16,427.76,627.76,527.76,1848.93,2948.93,2398.93,40353.00,414.05,1700.00
1916,319.47,0.15,0.80,0.25,0.08,0.00,0.01,0.01,1.15,1.02,2.81,1.80,0.36,0.62,0.35,424.33,1176.33,800.33,586.08,681.08,633.58,287.19,378.19,332.69,1297.60,2235.60,1766.60,1420.88,2320.88,1870.88,427.69,627.69,527.69,1848.57,2948.57,2398.57,40352.38,413.70,1700.00
1915,318.29,0.17,0.78,0.25,0.08,0.00,0.01,0.01,1.14,1.00,2.80,1.80,0.36,0.63,0.33,424.41,1176.41,800.41,586.87,681.87,634.37,287.43,378.43,332.93,1298.71,2236.71,1767.71,1420.60,2320.60,1870.60,427.61,627.61,527.61,1848.21,2948.21,2398.21,40351.75,413.36,1700.00
1914,318.33,-0.08,0.77,0.25,0.08,0.00,0.01,0.01,1.12,0.98,2.79,1.81,0.36,0.63,0.31,424.49,1176.49,800.49,587.64,682.64,635.14,287.68,378.68,333.18,1299.81,2237.81,1768.81,1420.32,2320.32,1870.32,427.53,627.53,527.53,1847.84,2947.84,2397.84,40351.12,413.05,1700.00
1913,317.62,-0.02,0.76,0.25,0.08,0.00,0.01,0.01,1.11,0.97,2.78,1.82,0.37,0.63,0.29,424.57,1176.57,800.57,588.40,683.40,635.90,287.93,378.93,333.43,1300.90,2238.90,1769.90,1420.03,2320.03,1870.03,427.45,627.45,527.45,1847.48,2947.48,2397.48,40350.49,412.76,1700.00
1912,317.69,-0.06,0.75,0.25,0.08,0.00,0.01,0.01,1.10,0.95,2.77,1.82,0.37,0.63,0.27,424.66,1176.66,800.66,589.14,684.14,636.64,288.18,379.18,333.68,1301.97,2239.97,1770.97,1419.75,2319.75,1869.75,427.36,627.36,527.36,1847.11,2947.11,2397.11,40349.86,412.49,1700.00
1911,316.24,-0.11,0.73,0.25,0.08,0.00,0.01,0.01,1.08,0.93,2.76,1.83,0.37,0.63,0.25,424.74,1176.74,800.74,589.88,684.88,637.38,288.42,379.42,333.92,1303.04,2241.04,1772.04,1419.46,2319.46,1869.46,427.28,627.28,527.28,1846.74,2946.74,2396.74,40349.23,412.25,1700.00
1910,315.63,-0.20,0.72,0.25,0.08,0.00,0.01,0.01,1.07,0.92,2.75,1.84,0.37,0.63,0.23,424.82,1176.82,800.82,590.60,685.60,638.10,288.67,379.67,334.17,1304.09,2242.09,1773.09,1419.17,2319.17,1869.17,427.20,627.20,527.20,1846.37,2946.37,2396.37,40348.59,412.02,1700.00
1909,314.72,0.05,0.71,0.25,0.08,0.00,0.01,0.01,1.06,0.90,2.74,1.84,0.37,0.64,0.21,424.90,1176.90,800.90,591.30,686.30,638.80,288.92,379.92,334.42,1305.12,2243.12,1774.12,1418.87,2318.87,1868.87,427.12,627.12,527.12,1845.99,2945.99,2395.99,40347.96,411.81,1700.00
1908,321.10,0.03,0.69,0.25,0.08,0.00,0.01,0.01,1.05,0.88,2.73,1.85,0.38,0.64,0.19,424.99,1176.99,800.99,592.00,687.00,639.50,289.16,380.16,334.66,1306.15,2244.15,1775.15,1418.58,2318.58,1868.58,427.04,627.04,527.04,1845.62,2945.62,2395.62,40347.32,411.62,1700.00
1907,321.11,0.06,0.68,0.25,0.08,0.00,0.01,0.01,1.03,0.87,2.72,1.86,0.38,0.64,0.17,425.07,1177.07,801.07,592.68,687.68,640.18,289.41,380.41,334.91,1307.16,2245.16,1776.16,1418.29,2318.29,1868.29,426.95,626.95,526.95,1845.24,2945.24,2395.24,40346.68,411.45,1700.00
1906,319.48,-0.06,0.67,0.25,0.08,0.00,0.01,0.01,1.02,0.85,2.71,1.87,0.38,0.64,0.15,425.15,1177.15,801.15,593.35,688.35,640.85,289.66,380.66,335.16,1308.16,2246.16,1777.16,1417.99,2317.99,1867.99,426.87,626.87,526.87,1844.86,2944.86,2394.86,40346.04,411.30,1700.00
1905,318.36,0.06,0.66,0.25,0.08,0.00,0.01,0.01,1.01,0.83,2.70,1.87,0.38,0.64,0.13,425.23,1177.23,801.23,594.01,689.01,641.51,289.90,380.90,335.40,1309.14,2247.14,1778.14,1417.69,2317.69,1867.69,426.78,626.78,526.78,1844.47,2944.47,2394.47,40345.40,411.17,1700.00
1904,318.40,-0.10,0.64,0.25,0.08,0.00,0.01,0.01,0.99,0.82,2.69,1.88,0.39,0.64,0.11,425.31,1177.31,801.31,594.65,689.65,642.15,290.15,381.15,335.65,1310.11,2248.11,1779.11,1417.39,2317.39,1867.39,426.70,626.70,526.70,1844.09,2944.09,2394.09,40344.76,411.06,1700.00
1903,317.76,-0.01,0.63,0.25,0.08,0.00,0.01,0.01,0.98,0.80,2.68,1.89,0.39,0.65,0.09,425.40,1177.40,801.40,595.28,690.28,642.78,290.40,381.40,335.90,1311.07,2249.07,1780.07,1417.09,2317.09,1867.09,426.61,626.61,526.61,1843.70,2943.70,2393.70,40344.11,410.97,1700.00
1902,317.83,-0.07,0.62,0.25,0.08,0.00,0.01,0.01,0.97,0.78,2.68,1.89,0.39,0.65,0.09,425.48,1177.48,801.48,595.90,690.90,643.40,290.65,381.65,336.15,1312.02,2250.02,1781.02,1416.78,2316.78,1866.78,426.53,626.53,526.53,1843.31,2943.31,2393.31,40343.46,410.88,1700.00
1901,316.25,0.10,0.60,0.25,0.08,0.00,0.01,0.01,0.96,0.77,2.67,1.90,0.39,0.65,0.09,425.56,1177.56,801.56,596.50,691.50,644.00,290.89,381.89,336.39,1312.95,2250.95,1781.95,1416.48,2316.48,1866.48,426.44,626.44,526.44,1842.92,2942.92,2392.92,40342.82,410.79,1700.00
1900,315.64,0.12,0.59,0.25,0.08,0.00,0.01,0.01,0.94,0.75,2.66,1.91,0.39,0.65,0.09,425.64,1177.64,801.64,597.09,692.09,644.59,291.14,382.14,336.64,1313.87,2251.87,1782.87,1416.17,2316.17,1866.17,426.36,626.36,526.36,1842.53,2942.53,2392.53,40342.17,410.70,1700.00
1899,314.73,-0.12,0.58,0.25,0.08,0.00,0.01,0.01,0.93,0.73,2.65,1.91,0.40,0.65,0.09,425.72,1177.72,801.72,597.67,692.67,645.17,291.39,382.39,336.89,1314.78,2252.78,1783.78,1415.86,2315.86,1865.86,426.27,626.27,526.27,1842.13,2942.13,2392.13,40341.52,410.61,1700.00
1898,321.12,0.19,0.57,0.25,0.08,0.00,0.01,0.01,0.92,0.72,2.64,1.92,0.40,0.65,0.09,425.81,1177.81,801.81,598.24,693.24,645.74,291.63,382.63,337.13,1315.68,2253.68,1784.68,1415.55,2315.55,1865.55,426.18,626.18,526.18,1841.74,2941.74,2391.74,40340.86,410.52,1700.00
1897,321.13,0.21,0.55,0.25,0.08,0.00,0.01,0.01,0.90,0.70,2.63,1.93,0.40,0.65,0.09,425.89,1177.89,801.89,598.79,693.79,646.29,291.88,382.88,337.38,1316.56,2254.56,1785.56,1415.24,2315.24,1865.24,426.09,626.09,526.09,1841.34,2941.34,2391.34,40340.21,410.43,1700.00
1896,319.49,-0.08,0.54,0.25,0.08,0.00,0.01,0.01,0.89,0.68,2.62,1.93,0.40,0.66,0.09,425.97,1177.97,801.97,599.33,694.33,646.83,292.13,383.13,337.63,1317.43,2255.43,1786.43,1414.93,2314.93,1864.93,426.01,626.01,526.01,1840.94,2940.94,2390.94,40339.55,410.34,1700.00
1895,318.43,-0.02,0.53,0.25,0.08,0.00,0.01,0.01,0.88,0.67,2.61,1.94,0.40,0.66,0.09,426.05,1178.05,802.05,599.86,694.86,647.36,292.37,383.37,337.87,1318.29,2256.29,1787.29,1414.62,2314.62,1864.62,425.92,625.92,525.92,1840.53,2940.53,2390.53,40338.90,410.25,1700.00
1894,318.47,-0.06,0.51,0.25,0.08,0.00,0.01,0.01,0.87,0.65,2.60,1.95,0.41,0.66,0.09,426.14,1178.14,802.14,600.37,695.37,647.87,292.62,383.62,338.12,1319.13,2257.13,1788.13,1414.30,2314.30,1864.30,425.83,625.83,525.83,1840.13,2940.13,2390.13,40338.24,410.17,1700.00
1893,317.90,-0.11,0.50,0.25,0.08,0.00,0.01,0.01,0.85,0.63,2.59,1.95,0.41,0.66,0.09,426.22,1178.22,802.22,600.87,695.87,648.37,292.87,383.87,338.37,1319.96,2257.96,1788.96,1413.98,2313.98,1863.98,425.74,625.74,525.74,1839.72,2939.72,2389.72,40337.58,410.08,1700.00
1892,317.97,-0.20,0.49,0.25,0.08,0.00,0.01,0.01,0.84,0.62,2.58,1.96,0.41,0.66,0.09,426.30,1178.30,802.30,601.36,696.36,648.86,293.12,384.12,338.62,1320.78,2258.78,1789.78,1413.66,2313.66,1863.66,425.65,625.65,525.65,1839.31,2939.31,2389.31,40336.92,409.99,1700.00
1891,316.26,0.05,0.48,0.25,0.08,0.00,0.01,0.01,0.83,0.60,2.57,1.97,0.41,0.66,0.09,426.38,1178.38,802.38,601.84,696.84,649.34,293.36,384.36,338.86,1321.58,2259.58,1790.58,1413.34,2313.34,1863.34,425.56,625.56,525.56,1838.90,2938.90,2388.90,40336.26,409.91,1700.00
1890,315.65,0.03,0.46,0.25,0.08,0.00,0.01,0.01,0.81,0.58,2.56,1.97,0.41,0.66,0.09,426.46,1178.46,802.46,602.30,697.30,649.80,293.61,384.61,339.11,1322.37,2260.37,1791.37,1413.02,2313.02,1863.02,425.47,625.47,525.47,1838.49,2938.49,2388.49,40335.59,409.82,1700.00
1889,314.74,0.06,0.45,0.24,0.08,0.00,0.01,0.01,0.79,0.57,2.55,1.98,0.41,0.66,0.08,426.55,1178.55,802.55,602.75,697.75,650.25,293.85,384.85,339.35,1323.15,2261.15,1792.15,1412.70,2312.70,1862.70,425.38,625.38,525.38,1838.07,2938.07,2388.07,40334.93,409.74,1700.00
1888,321.14,-0.07,0.44,0.23,0.08,0.00,0.01,0.01,0.77,0.55,2.54,1.99,0.41,0.66,0.08,426.63,1178.63,802.63,603.19,698.19,650.69,294.08,385.08,339.58,1323.90,2261.90,1792.90,1412.38,2312.38,1862.38,425.29,625.29,525.29,1837.66,2937.66,2387.66,40334.27,409.65,1700.00
1887,321.15,0.07,0.42,0.23,0.08,0.00,0.01,0.01,0.75,0.53,2.53,2.00,0.42,0.66,0.08,426.71,1178.71,802.71,603.61,698.61,651.11,294.31,385.31,339.81,1324.63,2262.63,1793.63,1412.05,2312.05,1862.05,425.19,625.19,525.19,1837.25,2937.25,2387.25,40333.60,409.57,1700.00
1886,319.50,-0.10,0.41,0.22,0.08,0.00,0.01,0.01,0.73,0.51,2.52,2.00,0.42,0.66,0.08,426.79,1178.79,802.79,604.02,699.02,651.52,294.53,385.53,340.03,1325.34,2263.34,1794.34,1411.73,2311.73,1861.73,425.10,625.10,525.10,1836.83,2936.83,2386.83,40332.94,409.49,1700.00
1885,318.51,-0.01,0.40,0.21,0.08,0.00,0.01,0.01,0.71,0.50,2.51,2.01,0.42,0.66,0.08,426.87,1178.87,802.87,604.42,699.42,651.92,294.74,385.74,340.24,1326.04,2264.04,1795.04,1411.40,2311.40,1861.40,425.01,625.01,525.01,1836.41,2936.41,2386.41,40332.28,409.40,1700.00
1884,318.54,-0.07,0.39,0.20,0.08,0.00,0.01,0.01,0.69,0.48,2.50,2.02,0.42,0.66,0.08,426.96,1178.96,802.96,604.81,699.81,652.31,294.94,385.94,340.44,1326.71,2264.71,1795.71,1411.08,2311.08,1861.08,424.92,624.92,524.92,1836.00,2936.00,2386.00,40331.62,409.32,1700.00
1883,317.10,0.13,0.37,0.20,0.08,0.00,0.01,0.01,0.67,0.46,2.49,2.02,0.42,0.66,0.08,427.04,1179.04,803.04,605.18,700.18,652.68,295.14,386.14,340.64,1327.36,2265.36,1796.36,1410.75,2310.75,1860.75,424.83,624.83,524.83,1835.58,2935.58,2385.58,40330.96,409.24,1700.00
1882,317.11,0.15,0.36,0.19,0.08,0.00,0.01,0.01,0.65,0.45,2.48,2.03,0.42,0.66,0.08,427.12,1179.12,803.12,605.54,700.54,653.04,295.33,386.33,340.83,1328.00,2266.00,1797.00,1410.42,2310.42,1860.42,424.73,624.73,524.73,1835.16,2935.16,2385.16,40330.30,409.16,1700.00
1881,316.27,-0.13,0.35,0.18,0.08,0.00,0.01,0.01,0.64,0.43,2.47,2.04,0.42,0.66,0.08,427.20,1179.20,803.20,605.89,700.89,653.39,295.52,386.52,341.02,1328.61,2266.61,1797.61,1410.10,2310.10,1860.10,424.64,624.64,524.64,1834.74,2934.74,2384.74,40329.64,409.08,1700.00
1880,315.66,0.23,0.33,0.18,0.08,0.00,0.01,0.01,0.62,0.41,2.46,2.04,0.42,0.66,0.08,427.29,1179.29,803.29,606.22,701.22,653.72,295.69,386.69,341.19,1329.20,2267.20,1798.20,1409.77,2309.77,1859.77,424.55,624.55,524.55,1834.32,2934.32,2384.32,40328.98,409.00,1700.00
1879,314.75,0.25,0.32,0.17,0.08,0.00,0.01,0.01,0.60,0.40,2.45,2.05,0.42,0.66,0.08,427.37,1179.37,803.37,606.54,701.54,654.04,295.86,386.86,341.36,1329.77,2267.77,1798.77,1409.44,2309.44,1859.44,424.46,624.46,524.46,1833.90,2933.90,2383.90,40328.32,408.92,1700.00
1878,321.16,-0.08,0.31,0.16,0.08,0.00,0.01,0.01,0.58,0.38,2.44,2.06,0.42,0.66,0.08,427.45,1179.45,803.45,606.85,701.85,654.35,296.03,387.03,341.53,1330.33,2268.33,1799.33,1409.11,2309.11,1859.11,424.37,624.37,524.37,1833.48,2933.48,2383.48,40327.66,408.85,1700.00
1877,321.17,-0.02,0.30,0.16,0.08,0.00,0.01,0.01,0.56,0.36,2.43,2.06,0.42,0.66,0.08,427.53,1179.53,803.53,607.15,702.15,654.65,296.18,387.18,341.68,1330.86,2268.86,1799.86,1408.78,2308.78,1858.78,424.27,624.27,524.27,1833.06,2933.06,2383.06,40327.00,408.77,1700.00
1876,319.51,-0.06,0.28,0.15,0.08,0.00,0.01,0.01,0.54,0.35,2.42,2.07,0.42,0.66,0.08,427.61,1179.61,803.61,607.43,702.43,654.93,296.33,387.33,341.83,1331.38,2269.38,1800.38,1408.45,2308.45,1858.45,424.18,624.18,524.18,1832.63,2932.63,2382.63,40326.35,408.69,1700.00
1875,318.58,-0.11,0.27,0.14,0.08,0.00,0.01,0.01,0.52,0.33,2.41,2.08,0.42,0.66,0.08,427.70,1179.70,803.70,607.70,702.70,655.20,296.47,387.47,341.97,1331.87,2269.87,1800.87,1408.12,2308.12,1858.12,424.09,624.09,524.09,1832.21,2932.21,2382.21,40325.69,408.62,1700.00
1874,318.61,-0.20,0.26,0.13,0.08,0.00,0.01,0.01,0.50,0.31,2.40,2.08,0.42,0.66,0.08,427.78,1179.78,803.78,607.96,702.96,655.46,296.61,387.61,342.11,1332.34,2270.34,1801.34,1407.79,2307.79,1857.79,423.99,623.99,523.99,1831.79,2931.79,2381.79,40325.04,408.54,1700.00
1873,317.12,0.05,0.24,0.13,0.08,0.00,0.01,0.01,0.48,0.30,2.39,2.09,0.42,0.65,0.07,427.86,1179.86,803.86,608.20,703.20,655.70,296.74,387.74,342.24,1332.80,2270.80,1801.80,1407.46,2307.46,1857.46,423.90,623.90,523.90,1831.36,2931.36,2381.36,40324.38,408.47,1700.00
1872,317.12,0.03,0.23,0.12,0.07,0.00,0.01,0.01,0.44,0.28,2.38,2.10,0.42,0.65,0.07,427.93,1179.93,803.93,608.43,703.43,655.93,296.86,387.86,342.36,1333.22,2271.22,1802.22,1407.14,2307.14,1857.14,423.81,623.81,523.81,1830.94,2930.94,2380.94,40323.73,408.39,1700.00
1871,316.28,0.06,0.22,0.11,0.06,0.00,0.01,0.01,0.41,0.26,2.37,2.10,0.42,0.65,0.07,427.99,1179.99,803.99,608.65,703.65,656.15,296.97,387.97,342.47,1333.61,2271.61,1802.61,1406.81,2306.81,1856.81,423.71,623.71,523.71,1830.52,2930.52,2380.52,40323.08,408.32,1700.00
1870,315.67,-0.08,0.21,0.11,0.05,0.00,0.01,0.01,0.38,0.25,2.36,2.11,0.42,0.64,0.07,428.03,1180.03,804.03,608.85,703.85,656.35,297.08,388.08,342.58,1333.97,2271.97,1802.97,1406.48,2306.48,1856.48,423.62,623.62,523.62,1830.10,2930.10,2380.10,40322.44,408.25,1700.00
1869,314.76,0.08,0.19,0.10,0.03,0.00,0.01,0.01,0.35,0.23,2.35,2.12,0.42,0.64,0.07,428.07,1180.07,804.07,609.05,704.05,656.55,297.18,388.18,342.68,1334.29,2272.29,1803.29,1406.16,2306.16,1856.16,423.53,623.53,523.53,1829.69,2929.69,2379.69,40321.80,408.18,1700.00
1868,321.18,-0.10,0.18,0.09,0.02,0.00,0.01,0.01,0.32,0.21,2.34,2.12,0.41,0.63,0.07,428.09,1180.09,804.09,609.23,704.23,656.73,297.27,388.27,342.77,1334.59,2272.59,1803.59,1405.83,2305.83,1855.83,423.44,623.44,523.44,1829.27,2929.27,2379.27,40321.17,408.11,1700.00
1867,321.19,-0.01,0.17,0.09,0.01,0.00,0.01,0.01,0.28,0.20,2.33,2.13,0.41,0.63,0.07,428.10,1180.10,804.10,609.39,704.39,656.89,297.36,388.36,342.86,1334.85,2272.85,1803.85,1405.51,2305.51,1855.51,423.35,623.35,523.35,1828.86,2928.86,2378.86,40320.54,408.04,1700.00
1866,319.52,-0.07,0.15,0.08,0.00,0.00,0.01,0.01,0.25,0.18,2.32,2.14,0.41,0.63,0.07,428.10,1180.10,804.10,609.55,704.55,657.05,297.44,388.44,342.94,1335.08,2273.08,1804.08,1405.19,2305.19,1855.19,423.26,623.26,523.26,1828.45,2928.45,2378.45,40319.91,407.97,1700.00
1865,318.65,0.16,0.14,0.07,0.00,0.00,0.01,0.01,0.23,0.16,2.31,2.15,0.41,0.63,0.07,428.10,1180.10,804.10,609.69,704.69,657.19,297.51,388.51,343.01,1335.29,2273.29,1804.29,1404.87,2304.87,1854.87,423.17,623.17,523.17,1828.04,2928.04,2378.04,40319.28,407.91,1700.00
1864,318.69,0.18,0.13,0.06,0.00,0.00,0.01,0.01,0.21,0.15,2.30,2.15,0.41,0.62,0.07,428.10,1180.10,804.10,609.82,704.82,657.32,297.57,388.57,343.07,1335.49,2273.49,1804.49,1404.55,2304.55,1854.55,423.08,623.08,523.08,1827.62,2927.62,2377.62,40318.66,407.84,1700.00
1863,317.13,-0.14,0.12,0.06,0.00,0.00,0.01,0.01,0.20,0.13,2.29,2.16,0.41,0.62,0.07,428.10,1180.10,804.10,609.93,704.93,657.43,297.63,388.63,343.13,1335.66,2273.66,1804.66,1404.23,2304.23,1854.23,422.99,622.99,522.99,1827.21,2927.21,2377.21,40318.04,407.77,1700.00
1862,317.14,0.27,0.10,0.05,0.00,0.00,0.01,0.01,0.18,0.11,2.28,2.17,0.41,0.62,0.07,428.10,1180.10,804.10,610.03,705.03,657.53,297.68,388.68,343.18,1335.81,2273.81,1804.81,1403.90,2303.90,1853.90,422.90,622.90,522.90,1826.80,2926.80,2376.80,40317.41,407.71,1700.00
1861,316.29,0.29,0.09,0.04,0.00,0.00,0.01,0.01,0.16,0.10,2.27,2.17,0.41,0.62,0.06,428.10,1180.10,804.10,610.12,705.12,657.62,297.73,388.73,343.23,1335.95,2273.95,1804.95,1403.58,2303.58,1853.58,422.81,622.81,522.81,1826.39,2926.39,2376.39,40316.79,407.64,1700.00
1860,315.68,-0.08,0.08,0.04,0.00,0.00,0.01,0.01,0.14,0.08,2.26,2.18,0.41,0.62,0.06,428.10,1180.10,804.10,610.20,705.20,657.70,297.76,388.76,343.26,1336.06,2274.06,1805.06,1403.26,2303.26,1853.26,422.71,622.71,522.71,1825.98,2925.98,2375.98,40316.17,407.58,1700.00
1859,314.77,-0.02,0.06,0.03,0.00,0.00,0.01,0.01,0.12,0.06,2.25,2.19,0.41,0.62,0.06,428.10,1180.10,804.10,610.26,705.26,657.76,297.79,388.79,343.29,1336.15,2274.15,1805.15,1402.94,2302.94,1852.94,422.62,622.62,522.62,1825.56,2925.56,2375.56,40315.55,407.52,1700.00
1858,321.20,-0.06,0.05,0.02,0.00,0.00,0.01,0.01,0.10,0.05,2.24,2.19,0.41,0.62,0.06,428.10,1180.10,804.10,610.31,705.31,657.81,297.82,388.82,343.32,1336.23,2274.23,1805.23,1402.62,2302.62,1852.62,422.53,622.53,522.53,1825.15,2925.15,2375.15,40314.93,407.45,1700.00
1857,321.20,-0.11,0.04,0.02,0.00,0.00,0.01,0.01,0.08,0.03,2.23,2.20,0.41,0.62,0.06,428.10,1180.10,804.10,610.35,705.35,657.85,297.83,388.83,343.33,1336.28,2274.28,1805.28,1402.30,2302.30,1852.30,422.44,622.44,522.44,1824.74,2924.74,2374.74,40314.32,407.39,1700.00
1856,319.53,-0.20,0.04,0.01,0.00,0.00,0.01,0.01,0.07,0.01,2.22,2.21,0.41,0.62,0.06,428.10,1180.10,804.10,610.39,705.39,657.89,297.84,388.84,343.34,1336.33,2274.33,1805.33,1401.97,2301.97,1851.97,422.35,622.35,522.35,1824.33,2924.33,2374.33,40313.70,407.33,1700.00
1855,318.72,0.05,0.04,0.00,0.00,0.00,0.01,0.01,0.06,0.00,2.21,2.21,0.42,0.62,0.06,428.10,1180.10,804.10,610.43,705.43,657.93,297.84,388.84,343.34,1336.37,2274.37,1805.37,1401.65,2301.65,1851.65,422.26,622.26,522.26,1823.91,2923.91,2373.91,40313.08,407.27,1700.00
1854,318.76,0.03,0.04,0.00,0.00,0.00,0.01,0.01,0.06,-0.02,2.20,2.22,0.42,0.63,0.06,428.10,1180.10,804.10,610.46,705.46,657.96,297.85,388.85,343.35,1336.41,2274.41,1805.41,1401.32,2301.32,1851.32,422.17,622.17,522.17,1823.49,2923.49,2373.49,40312.45,407.21,1700.00
1853,317.14,0.06,0.04,0.00,0.00,0.00,0.01,0.01,0.06,-0.04,2.19,2.23,0.42,0.63,0.06,428.10,1180.10,804.10,610.50,705.50,658.00,297.85,388.85,343.35,1336.45,2274.45,1805.45,1400.99,2300.99,1850.99,422.07,622.07,522.07,1823.07,2923.07,2373.07,40311.82,407.14,1700.00
1852,317.15,-0.09,0.04,0.00,0.00,0.00,0.01,0.01,0.06,-0.05,2.18,2.23,0.43,0.63,0.06,428.10,1180.10,804.10,610.54,705.54,658.04,297.85,388.85,343.35,1336.49,2274.49,1805.49,1400.66,2300.66,1850.66,421.98,621.98,521.98,1822.64,2922.64,2372.64,40311.19,407.08,1700.00
1851,316.30,0.09,0.03,0.00,0.00,0.00,0.01,0.01,0.05,-0.07,2.17,2.24,0.43,0.64,0.06,428.10,1180.10,804.10,610.57,705.57,658.07,297.85,388.85,343.35,1336.52,2274.52,1805.52,1400.32,2300.32,1850.32,421.89,621.89,521.89,1822.21,2922.21,2372.21,40310.55,407.02,1700.00
1850,315.69,-0.10,0.03,0.00,0.00,0.00,0.01,0.01,0.05,-0.09,2.16,2.25,0.43,0.64,0.06,428.10,1180.10,804.10,610.60,705.60,658.10,297.85,388.85,343.35,1336.55,2274.55,1805.55,1399.99,2299.99,1849.99,421.79,621.79,521.79,1821.78,2921.78,2371.78,40309.91,406.96,1700.00
1849,314.78,-0.01,0.03,0.00,0.00,0.00,0.01,0.01,0.05,-0.10,2.15,2.25,0.44,0.64,0.06,428.10,1180.10,804.10,610.63,705.63,658.13,297.86,388.86,343.36,1336.58,2274.58,1805.58,1399.65,2299.65,1849.65,421.69,621.69,521.69,1821.34,2921.34,2371.34,40309.27,406.90,1700.00
1848,321.21,-0.07,0.03,0.00,0.00,0.00,0.01,0.01,0.05,-0.12,2.14,2.26,0.44,0.65,0.06,428.10,1180.10,804.10,610.66,705.66,658.16,297.86,388.86,343.36,1336.62,2274.62,1805.62,1399.30,2299.30,1849.30,421.60,621.60,521.60,1820.90,2920.90,2370.90,40308.62,406.84,1700.00
1847,321.22,0.19,0.03,0.00,0.00,0.00,0.01,0.01,0.05,-0.14,2.13,2.27,0.44,0.65,0.06,428.10,1180.10,804.10,610.69,705.69,658.19,297.86,388.86,343.36,1336.65,2274.65,1805.65,1398.96,2298.96,1848.96,421.50,621.50,521.50,1820.46,2920.46,2370.46,40307.97,406.78,1700.00
1846,319.54,0.21,0.03,0.00,0.00,0.00,0.01,0.01,0.05,-0.15,2.12,2.28,0.45,0.66,0.06,428.10,1180.10,804.10,610.72,705.72,658.22,297.86,388.86,343.36,1336.68,2274.68,1805.68,1398.61,2298.61,1848.61,421.40,621.40,521.40,1820.01,2920.01,2370.01,40307.31,406.71,1700.00
1845,318.79,-0.15,0.03,0.00,0.00,0.00,0.01,0.01,0.05,-0.17,2.11,2.28,0.45,0.66,0.06,428.10,1180.10,804.10,610.75,705.75,658.25,297.86,388.86,343.36,1336.71,2274.71,1805.71,1398.26,2298.26,1848.26,421.30,621.30,521.30,1819.56,2919.56,2369.56,40306.65,406.65,1700.00
1844,318.83,0.31,0.02,0.00,0.00,0.00,0.01,0.01,0.04,-0.19,2.10,2.29,0.45,0.66,0.06,428.10,1180.10,804.10,610.77,705.77,658.27,297.87,388.87,343.37,1336.73,2274.73,1805.73,1397.90,2297.90,1847.90,421.20,621.20,521.20,1819.11,2919.11,2369.11,40305.99,406.59,1700.00
1843,317.16,0.33,0.02,0.00,0.00,0.00,0.01,0.01,0.04,-0.20,2.09,2.30,0.46,0.67,0.06,428.10,1180.10,804.10,610.79,705.79,658.29,297.87,388.87,343.37,1336.76,2274.76,1805.76,1397.55,2297.55,1847.55,421.10,621.10,521.10,1818.65,2918.65,2368.65,40305.32,406.53,1700.00
1842,317.17,-0.08,0.02,0.00,0.00,0.00,0.01,0.01,0.04,-0.22,2.08,2.30,0.46,0.67,0.06,428.10,1180.10,804.10,610.81,705.81,658.31,297.87,388.87,343.37,1336.78,2274.78,1805.78,1397.19,2297.19,1847.19,421.00,621.00,521.00,1818.19,2918.19,2368.19,40304.65,406.47,1700.00
1841,316.31,-0.02,0.02,0.00,0.00,0.00,0.01,0.01,0.04,-0.24,2.07,2.31,0.46,0.68,0.06,428.10,1180.10,804.10,610.83,705.83,658.33,297.87,388.87,343.37,1336.80,2274.80,1805.80,1396.83,2296.83,1846.83,420.90,620.90,520.90,1817.73,2917.73,2367.73,40303.97,406.41,1700.00
1840,315.70,-0.06,0.02,0.00,0.00,0.00,0.01,0.01,0.04,-0.25,2.06,2.32,0.47,0.68,0.06,428.10,1180.10,804.10,610.85,705.85,658.35,297.87,388.87,343.37,1336.82,2274.82,1805.82,1396.46,2296.46,1846.46,420.80,620.80,520.80,1817.26,2917.26,2367.26,40303.29,406.35,1700.00
1839,314.79,-0.11,0.02,0.00,0.00,0.00,0.01,0.01,0.04,-0.27,2.05,2.32,0.47,0.68,0.06,428.10,1180.10,804.10,610.87,705.87,658.37,297.88,388.88,343.38,1336.84,2274.84,1805.84,1396.09,2296.09,1846.09,420.69,620.69,520.69,1816.79,2916.79,2366.79,40302.61,406.29,1700.00
1838,321.23,-0.20,0.02,0.00,0.00,0.00,0.01,0.01,0.04,-0.29,2.04,2.33,0.47,0.69,0.06,428.10,1180.10,804.10,610.89,705.89,658.39,297.88,388.88,343.38,1336.87,2274.87,1805.87,1395.72,2295.72,1845.72,420.59,620.59,520.59,1816.31,2916.31,2366.31,40301.92,406.23,1700.00
1837,321.24,0.05,0.01,0.00,0.00,0.00,0.01,0.00,0.02,-0.30,2.03,2.34,0.47,0.69,0.06,428.10,1180.10,804.10,610.90,705.90,658.40,297.88,388.88,343.38,1336.88,2274.88,1805.88,1395.35,2295.35,1845.35,420.48,620.48,520.48,1815.84,2915.84,2365.84,40301.23,406.17,1700.00
1836,319.55,0.03,0.01,0.00,0.00,0.00,0.01,0.01,0.03,-0.32,2.02,2.34,0.48,0.69,0.06,428.10,1180.10,804.10,610.91,705.91,658.41,297.88,388.88,343.38,1336.89,2274.89,1805.89,1394.98,2294.98,1844.98,420.38,620.38,520.38,1815.36,2915.36,2365.36,40300.54,406.11,1700.00
1835,318.87,0.06,0.01,0.00,0.00,0.00,0.01,0.01,0.03,-0.34,2.01,2.35,0.48,0.70,0.06,428.10,1180.10,804.10,610.92,705.92,658.42,297.88,388.88,343.38,1336.90,2274.90,1805.90,1394.60,2294.60,1844.60,420.27,620.27,520.27,1814.87,2914.87,2364.87,40299.84,406.05,1700.00
1834,318.90,-0.10,0.01,0.00,0.00,0.00,0.01,0.01,0.03,-0.35,2.00,2.36,0.49,0.70,0.06,428.10,1180.10,804.10,610.93,705.93,658.43,297.89,388.89,343.39,1336.91,2274.91,1805.91,1394.22,2294.22,1844.22,420.17,620.17,520.17,1814.39,2914.39,2364.39,40299.14,405.99,1700.00
1833,317.17,0.10,0.01,0.00,0.00,0.00,0.01,0.01,0.03,-0.37,1.99,2.36,0.49,0.71,0.06,428.10,1180.10,804.10,610.94,705.94,658.44,297.89,388.89,343.39,1336.93,2274.93,1805.93,1393.84,2293.84,1843.84,420.06,620.06,520.06,1813.89,2913.89,2363.89,40298.43,405.93,1700.00
1832,317.18,-0.10,0.01,0.00,0.00,0.00,0.01,0.01,0.03,-0.39,1.98,2.37,0.50,0.71,0.06,428.10,1180.10,804.10,610.95,705.95,658.45,297.89,388.89,343.39,1336.94,2274.94,1805.94,1393.45,2293.45,1843.45,419.95,619.95,519.95,1813.40,2913.40,2363.40,40297.72,405.87,1700.00
1831,316.32,-0.01,0.01,0.00,0.00,0.00,0.01,0.01,0.03,-0.41,1.97,2.38,0.50,0.72,0.06,428.10,1180.10,804.10,610.96,705.96,658.46,297.89,388.89,343.39,1336.95,2274.95,1805.95,1393.06,2293.06,1843.06,419.84,619.84,519.84,1812.90,2912.90,2362.90,40297.00,405.81,1700.00
1830,315.71,-0.07,0.01,0.00,0.00,0.00,0.01,0.01,0.03,-0.42,1.96,2.38,0.50,0.72,0.06,428.10,1180.10,804.10,610.97,705.97,658.47,297.89,388.89,343.39,1336.96,2274.96,1805.96,1392.67,2292.67,1842.67,419.73,619.73,519.73,1812.40,2912.40,2362.40,40296.28,405.75,1700.00
1829,314.80,0.22,0.01,0.00,0.00,0.00,0.01,0.01,0.03,-0.44,1.95,2.39,0.51,0.73,0.06,428.10,1180.10,804.10,610.98,705.98,658.48,297.90,388.90,343.40,1336.97,2274.97,1805.97,1392.27,2292.27,1842.27,419.62,619.62,519.62,1811.89,2911.89,2361.89,40295.56,405.69,1700.00
1828,321.25,0.24,0.04,0.00,0.00,0.00,0.01,0.01,0.06,-0.46,1.94,2.40,0.52,0.74,0.06,428.10,1180.10,804.10,611.02,706.02,658.52,297.90,388.90,343.40,1337.01,2275.01,1806.01,1391.87,2291.87,1841.87,419.50,619.50,519.50,1811.37,2911.37,2361.37,40294.82,405.63,1700.00
1827,321.26,-0.16,0.04,0.00,0.00,0.00,0.01,0.01,0.06,-0.47,1.93,2.41,0.52,0.74,0.06,428.10,1180.10,804.10,611.06,706.06,658.56,297.90,388.90,343.40,1337.05,2275.05,1806.05,1391.47,2291.47,1841.47,419.39,619.39,519.39,1810.85,2910.85,2360.85,40294.08,405.57,1700.00
1826,319.56,0.35,0.04,0.00,0.00,0.00,0.01,0.01,0.06,-0.49,1.92,2.41,0.52,0.75,0.06,428.10,1180.10,804.10,611.09,706.09,658.59,297.90,388.90,343.40,1337.09,2275.09,1806.09,1391.06,2291.06,1841.06,419.27,619.27,519.27,1810.33,2910.33,2360.33,40293.33,405.51,1700.00
1825,318.94,0.37,0.04,0.00,0.00,0.00,0.01,0.01,0.06,-0.51,1.91,2.42,0.53,0.75,0.06,428.10,1180.10,804.10,611.13,706.13,658.63,297.90,388.90,343.40,1337.13,2275.13,1806.13,1390.64,2290.64,1840.64,419.16,619.16,519.16,1809.80,2909.80,2359.80,40292.58,405.45,1700.00
1824,318.97,-0.08,0.04,0.00,0.00,0.00,0.01,0.01,0.06,-0.52,1.90,2.43,0.53,0.76,0.06,428.10,1180.10,804.10,611.17,706.17,658.67,297.91,388.91,343.41,1337.17,2275.17,1806.17,1390.23,2290.23,1840.23,419.04,619.04,519.04,1809.27,2909.27,2359.27,40291.82,405.39,1700.00
1823,317.19,-0.02,0.04,0.00,0.00,0.00,0.01,0.01,0.06,-0.54,1.89,2.43,0.54,0.76,0.06,428.10,1180.10,804.10,611.21,706.21,658.71,297.91,388.91,343.41,1337.21,2275.21,1806.21,1389.81,2289.81,1839.81,418.92,618.92,518.92,1808.73,2908.73,2358.73,40291.06,405.33,1700.00
1822,317.19,-0.06,0.04,0.00,0.00,0.00,0.01,0.01,0.06,-0.56,1.88,2.44,0.54,0.77,0.06,428.10,1180.10,804.10,611.24,706.24,658.74,297.91,388.91,343.41,1337.25,2275.25,1806.25,1389.39,2289.39,1839.39,418.80,618.80,518.80,1808.19,2908.19,2358.19,40290.30,405.27,1700.00
1821,316.33,-0.11,0.04,0.00,0.00,0.00,0.01,0.01,0.06,-0.57,1.87,2.45,0.54,0.77,0.06,428.10,1180.10,804.10,611.28,706.28,658.78,297.91,388.91,343.41,1337.29,2275.29,1806.29,1388.96,2288.96,1838.96,418.68,618.68,518.68,1807.65,2907.65,2357.65,40289.53,405.21,1700.00
1820,315.72,-0.20,0.04,0.00,0.00,0.00,0.01,0.01,0.06,-0.59,1.86,2.45,0.55,0.77,0.06,428.10,1180.10,804.10,611.32,706.32,658.82,297.91,388.91,343.41,1337.33,2275.33,1806.33,1388.54,2288.54,1838.54,418.56,618.56,518.56,1807.10,2907.10,2357.10,40288.75,405.15,1700.00
1819,314.81,0.05,0.04,0.00,0.00,0.00,0.01,0.01,0.06,-0.61,1.85,2.46,0.55,0.78,0.06,428.10,1180.10,804.10,611.36,706.36,658.86,297.92,388.92,343.42,1337.37,2275.37,1806.37,1388.11,2288.11,1838.11,418.44,618.44,518.44,1806.55,2906.55,2356.55,40287.97,405.09,1700.00
1818,321.27,0.03,0.04,0.00,0.00,0.00,0.01,0.01,0.06,-0.62,1.84,2.47,0.56,0.78,0.06,428.10,1180.10,804.10,611.40,706.40,658.90,297.92,388.92,343.42,1337.41,2275.41,1806.41,1387.67,2287.67,1837.67,418.32,618.32,518.32,1805.99,2905.99,2355.99,40287.19,405.03,1700.00
1817,321.28,0.06,0.04,0.00,0.00,0.00,0.01,0.01,0.06,-0.64,1.83,2.47,0.56,0.79,0.06,428.10,1180.10,804.10,611.43,706.43,658.93,297.92,388.92,343.42,1337.45,2275.45,1806.45,1387.24,2287.24,1837.24,418.19,618.19,518.19,1805.43,2905.43,2355.43,40286.40,404.97,1700.00
1816,319.57,-0.11,0.04,0.00,0.00,0.00,0.01,0.01,0.06,-0.66,1.82,2.48,0.56,0.79,0.06,428.10,1180.10,804.10,611.47,706.47,658.97,297.92,388.92,343.42,1337.49,2275.49,1806.49,1386.80,2286.80,1836.80,418.07,618.07,518.07,1804.87,2904.87,2354.87,40285.61,404.91,1700.00
1815,318.10,0.11,0.04,0.00,0.00,0.00,0.01,0.01,0.06,-0.67,1.81,2.49,0.57,0.80,0.06,428.10,1180.10,804.10,611.51,706.51,659.01,297.92,388.92,343.42,1337.53,2275.53,1806.53,1386.35,2286.35,1836.35,417.95,617.95,517.95,1804.30,2904.30,2354.30,40284.81,404.85,1700.00
1814,318.10,-0.10,0.04,0.00,0.00,0.00,0.01,0.01,0.06,-0.69,1.80,2.49,0.57,0.80,0.06,428.10,1180.10,804.10,611.55,706.55,659.05,297.93,388.93,343.43,1337.57,2275.57,1806.57,1385.91,2285.91,1835.91,417.82,617.82,517.82,1803.73,2903.73,2353.73,40284.01,404.79,1700.00
1813,317.20,-0.01,0.04,0.00,0.00,0.00,0.01,0.01,0.06,-0.71,1.79,2.50,0.58,0.81,0.06,428.10,1180.10,804.10,611.58,706.58,659.08,297.93,388.93,343.43,1337.61,2275.61,1806.61,1385.46,2285.46,1835.46,417.69,617.69,517.69,1803.15,2903.15,2353.15,40283.20,404.73,1700.00
1812,317.21,-0.07,0.04,0.00,0.00,0.00,0.01,0.01,0.06,-0.72,1.78,2.51,0.58,0.81,0.06,428.10,1180.10,804.10,611.62,706.62,659.12,297.93,388.93,343.43,1337.65,2275.65,1806.65,1385.00,2285.00,1835.00,417.56,617.56,517.56,1802.57,2902.57,2352.57,40282.39,404.68,1700.00
1811,316.34,0.25,0.04,0.00,0.00,0.00,0.01,0.01,0.06,-0.74,1.77,2.51,0.58,0.82,0.06,428.10,1180.10,804.10,611.66,706.66,659.16,297.93,388.93,343.43,1337.69,2275.69,1806.69,1384.55,2284.55,1834.55,417.44,617.44,517.44,1801.98,2901.98,2351.98,40281.57,404.62,1700.00
1810,315.73,0.27,0.04,0.00,0.00,0.00,0.01,0.01,0.06,-0.76,1.77,2.52,0.59,0.82,0.06,428.10,1180.10,804.10,611.70,706.70,659.20,297.93,388.93,343.43,1337.73,2275.73,1806.73,1384.09,2284.09,1834.09,417.31,617.31,517.31,1801.39,2901.39,2351.39,40280.75,404.56,1700.00
1809,314.82,-0.17,0.04,0.00,0.00,0.00,0.01,0.01,0.06,-0.77,1.76,2.53,0.59,0.83,0.06,428.10,1180.10,804.10,611.74,706.74,659.24,297.94,388.94,343.44,1337.77,2275.77,1806.77,1383.62,2283.62,1833.62,417.18,617.18,517.18,1800.80,2900.80,2350.80,40279.92,404.50,1700.00
1808,321.29,0.39,0.04,0.00,0.00,0.00,0.01,0.01,0.06,-0.79,1.75,2.53,0.60,0.83,0.06,428.10,1180.10,804.10,611.77,706.77,659.27,297.94,388.94,343.44,1337.81,2275.81,1806.81,1383.16,2283.16,1833.16,417.04,617.04,517.04,1800.20,2900.20,2350.20,40279.09,404.44,1700.00
1807,321.30,0.41,0.04,0.00,0.00,0.00,0.01,0.01,0.06,-0.81,1.74,2.54,0.60,0.84,0.06,428.10,1180.10,804.10,611.81,706.81,659.31,297.94,388.94,343.44,1337.85,2275.85,1806.85,1382.69,2282.69,1832.69,416.91,616.91,516.91,1799.60,2899.60,2349.60,40278.26,404.38,1700.00
1806,319.58,-0.08,0.04,0.00,0.00,0.00,0.01,0.01,0.06,-0.82,1.73,2.55,0.61,0.84,0.06,428.10,1180.10,804.10,611.85,706.85,659.35,297.94,388.94,343.44,1337.89,2275.89,1806.89,1382.22,2282.22,1832.22,416.78,616.78,516.78,1799.00,2899.00,2349.00,40277.42,404.32,1700.00
1805,318.11,-0.02,0.04,0.00,0.00,0.00,0.01,0.01,0.06,-0.84,1.72,2.56,0.61,0.85,0.06,428.10,1180.10,804.10,611.89,706.89,659.39,297.94,388.94,343.44,1337.93,2275.93,1806.93,1381.74,2281.74,1831.74,416.65,616.65,516.65,1798.39,2898.39,2348.39,40276.57,404.27,1700.00
1804,318.11,-0.06,0.04,0.00,0.00,0.00,0.01,0.01,0.06,-0.86,1.71,2.56,0.61,0.85,0.06,428.10,1180.10,804.10,611.92,706.92,659.42,297.95,388.95,343.45,1337.97,2275.97,1806.97,1381.26,2281.26,1831.26,416.51,616.51,516.51,1797.77,2897.77,2347.77,40275.72,404.21,1700.00
1803,317.21,-0.11,0.04,0.00,0.00,0.00,0.01,0.01,0.06,-0.87,1.70,2.57,0.62,0.86,0.06,428.10,1180.10,804.10,611.96,706.96,659.46,297.95,388.95,343.45,1338.01,2276.01,1807.01,1380.78,2280.78,1830.78,416.37,616.37,516.37,1797.15,2897.15,2347.15,40274.86,404.15,1700.00
1802,317.22,-0.20,0.04,0.00,0.00,0.00,0.01,0.01,0.06,-0.89,1.69,2.58,0.62,0.86,0.06,428.10,1180.10,804.10,612.00,707.00,659.50,297.95,388.95,343.45,1338.05,2276.05,1807.05,1380.29,2280.29,1830.29,416.24,616.24,516.24,1796.53,2896.53,2346.53,40274.00,404.09,1700.00
1801,316.35,0.05,0.04,0.00,0.00,0.00,0.01,0.01,0.06,-0.91,1.68,2.58,0.63,0.86,0.06,428.10,1180.10,804.10,612.04,707.04,659.54,297.95,388.95,343.45,1338.09,2276.09,1807.09,1379.81,2279.81,1829.81,416.10,616.10,516.10,1795.91,2895.91,2345.91,40273.14,404.04,1700.00
1800,315.74,0.03,0.04,0.00,0.00,0.00,0.01,0.01,0.06,-0.92,1.67,2.59,0.63,0.87,0.06,428.10,1180.10,804.10,612.08,707.08,659.58,297.95,388.95,343.45,1338.13,2276.13,1807.13,1379.31,2279.31,1829.31,415.96,615.96,515.96,1795.27,2895.27,2345.27,40272.27,403.98,1700.00
1799,314.83,0.06,0.04,0.00,0.00,0.00,0.01,0.01,0.06,-0.94,1.66,2.60,0.64,0.87,0.06,428.10,1180.10,804.10,612.11,707.11,659.61,297.96,388.96,343.46,1338.17,2276.17,1807.17,1378.82,2278.82,1828.82,415.82,615.82,515.82,1794.64,2894.64,2344.64,40271.40,403.92,1700.00
1798,321.31,-0.12,0.04,0.00,0.00,0.00,0.01,0.01,0.06,-0.96,1.65,2.60,0.64,0.88,0.06,428.10,1180.10,804.10,612.15,707.15,659.65,297.96,388.96,343.46,1338.21,2276.21,1807.21,1378.32,2278.32,1828.32,415.68,615.68,515.68,1794.00,2894.00,2344.00,40270.52,403.86,1700.00
1797,321.32,0.12,0.04,0.00,0.00,0.00,0.01,0.01,0.06,-0.97,1.64,2.61,0.64,0.88,0.06,428.10,1180.10,804.10,612.19,707.19,659.69,297.96,388.96,343.46,1338.25,2276.25,1807.25,1377.82,2277.82,1827.82,415.54,615.54,515.54,1793.36,2893.36,2343.36,40269.63,403.81,1700.00
1796,319.59,-0.10,0.04,0.00,0.00,0.00,0.01,0.01,0.06,-0.99,1.63,2.62,0.65,0.89,0.06,428.10,1180.10,804.10,612.23,707.23,659.73,297.96,388.96,343.46,1338.29,2276.29,1807.29,1377.31,2277.31,1827.31,415.40,615.40,515.40,1792.71,2892.71,2342.71,40268.74,403.75,1700.00
1795,318.12,-0.01,0.04,0.00,0.00,0.00,0.01,0.01,0.06,-1.01,1.62,2.62,0.65,0.89,0.06,428.10,1180.10,804.10,612.26,707.26,659.76,297.96,388.96,343.46,1338.33,2276.33,1807.33,1376.80,2276.80,1826.80,415.25,615.25,515.25,1792.05,2892.05,2342.05,40267.85,403.69,1700.00
1794,318.12,-0.07,0.04,0.00,0.00,0.00,0.01,0.01,0.06,-1.02,1.61,2.63,0.66,0.90,0.06,428.10,1180.10,804.10,612.30,707.30,659.80,297.97,388.97,343.47,1338.37,2276.37,1807.37,1376.29,2276.29,1826.29,415.11,615.11,515.11,1791.40,2891.40,2341.40,40266.95,403.63,1700.00
1793,317.23,0.28,0.04,0.00,0.00,0.00,0.01,0.01,0.06,-1.04,1.60,2.64,0.66,0.90,0.06,428.10,1180.10,804.10,612.34,707.34,659.84,297.97,388.97,343.47,1338.41,2276.41,1807.41,1375.77,2275.77,1825.77,414.96,614.96,514.96,1790.74,2890.74,2340.74,40266.04,403.58,1700.00
1792,317.23,0.30,0.04,0.00,0.00,0.00,0.01,0.01,0.06,-1.06,1.59,2.64,0.67,0.91,0.06,428.10,1180.10,804.10,612.38,707.38,659.88,297.97,388.97,343.47,1338.45,2276.45,1807.45,1375.25,2275.25,1825.25,414.82,614.82,514.82,1790.07,2890.07,2340.07,40265.14,403.52,1700.00
1791,316.36,-0.18,0.04,0.00,0.00,0.00,0.01,0.01,0.06,-1.07,1.58,2.65,0.67,0.91,0.06,428.10,1180.10,804.10,612.42,707.42,659.92,297.97,388.97,343.47,1338.49,2276.49,1807.49,1374.73,2274.73,1824.73,414.67,614.67,514.67,1789.40,2889.40,2339.40,40264.22,403.47,1700.00
1790,315.75,0.43,0.04,0.00,0.00,0.00,0.01,0.01,0.06,-1.09,1.57,2.66,0.67,0.92,0.06,428.10,1180.10,804.10,612.45,707.45,659.95,297.97,388.97,343.47,1338.53,2276.53,1807.53,1374.21,2274.21,1824.21,414.52,614.52,514.52,1788.73,2888.73,2338.73,40263.30,403.41,1700.00
1789,314.84,0.45,0.04,0.00,0.00,0.00,0.01,0.01,0.06,-1.11,1.56,2.66,0.68,0.92,0.06,428.10,1180.10,804.10,612.49,707.49,659.99,297.98,388.98,343.48,1338.57,2276.57,1807.57,1373.68,2273.68,1823.68,414.37,614.37,514.37,1788.05,2888.05,2338.05,40262.38,403.35,1700.00
1788,321.33,-0.08,0.04,0.00,0.00,0.00,0.01,0.01,0.06,-1.12,1.55,2.67,0.68,0.93,0.06,428.10,1180.10,804.10,612.53,707.53,660.03,297.98,388.98,343.48,1338.61,2276.61,1807.61,1373.14,2273.14,1823.14,414.22,614.22,514.22,1787.36,2887.36,2337.36,40261.45,403.30,1700.00
1787,321.33,-0.02,0.04,0.00,0.00,0.00,0.01,0.01,0.06,-1.14,1.54,2.68,0.69,0.93,0.06,428.10,1180.10,804.10,612.57,707.57,660.07,297.98,388.98,343.48,1338.65,2276.65,1807.65,1372.61,2272.61,1822.61,414.07,614.07,514.07,1786.68,2886.68,2336.68,40260.51,403.24,1700.00
1786,319.60,-0.06,0.04,0.00,0.00,0.00,0.01,0.01,0.06,-1.16,1.53,2.69,0.69,0.94,0.06,428.10,1180.10,804.10,612.61,707.61,660.11,297.98,388.98,343.48,1338.69,2276.69,1807.69,1372.07,2272.07,1822.07,413.92,613.92,513.92,1785.98,2885.98,2335.98,40259.57,403.19,1700.00
1785,318.12,-0.11,0.04,0.00,0.00,0.00,0.01,0.01,0.06,-1.17,1.52,2.69,0.70,0.94,0.06,428.10,1180.10,804.10,612.64,707.64,660.14,297.98,388.98,343.48,1338.73,2276.73,1807.73,1371.52,2271.52,1821.52,413.76,613.76,513.76,1785.29,2885.29,2335.29,40258.63,403.13,1700.00
1784,318.13,-0.20,0.04,0.00,0.00,0.00,0.01,0.01,0.06,-1.19,1.51,2.70,0.70,0.95,0.06,428.10,1180.10,804.10,612.68,707.68,660.18,297.99,388.99,343.49,1338.77,2276.77,1807.77,1370.98,2270.98,1820.98,413.61,613.61,513.61,1784.59,2884.59,2334.59,40257.68,403.07,1700.00
1783,317.24,0.05,0.04,0.00,0.00,0.00,0.01,0.01,0.06,-1.21,1.50,2.71,0.71,0.95,0.06,428.10,1180.10,804.10,612.72,707.72,660.22,297.99,388.99,343.49,1338.80,2276.80,1807.80,1370.43,2270.43,1820.43,413.45,613.45,513.45,1783.88,2883.88,2333.88,40256.73,403.02,1700.00
1782,317.25,0.03,0.04,0.00,0.00,0.00,0.01,0.01,0.06,-1.22,1.49,2.71,0.71,0.96,0.06,428.10,1180.10,804.10,612.76,707.76,660.26,297.99,388.99,343.49,1338.84,2276.84,1807.84,1369.87,2269.87,1819.87,413.30,613.30,513.30,1783.17,2883.17,2333.17,40255.77,402.96,1700.00
1781,316.37,0.06,0.04,0.00,0.00,0.00,0.01,0.01,0.06,-1.24,1.48,2.72,0.71,0.97,0.06,428.10,1180.10,804.10,612.79,707.79,660.29,297.99,388.99,343.49,1338.88,2276.88,1807.88,1369.31,2269.31,1819.31,413.14,613.14,513.14,1782.45,2882.45,2332.45,40254.80,402.91,1700.00
1780,315.76,-0.13,0.02,0.00,0.00,0.00,0.01,0.01,0.04,-1.26,1.47,2.73,0.71,0.96,0.05,428.10,1180.10,804.10,612.81,707.81,660.31,297.99,388.99,343.49,1338.91,2276.91,1807.91,1368.76,2268.76,1818.76,412.98,612.98,512.98,1781.74,2881.74,2331.74,40253.84,402.85,1700.00
1779,314.85,0.13,0.02,0.00,0.00,0.00,0.01,0.01,0.04,-1.27,1.46,2.73,0.72,0.97,0.05,428.10,1180.10,804.10,612.83,707.83,660.33,298.00,389.00,343.50,1338.93,2276.93,1807.93,1368.20,2268.20,1818.20,412.82,612.82,512.82,1781.02,2881.02,2331.02,40252.87,402.80,1700.00
1778,321.34,-0.10,0.02,0.00,0.00,0.00,0.01,0.01,0.04,-1.29,1.45,2.74,0.72,0.97,0.05,428.10,1180.10,804.10,612.85,707.85,660.35,298.00,389.00,343.50,1338.95,2276.95,1807.95,1367.63,2267.63,1817.63,412.67,612.67,512.67,1780.30,2880.30,2330.30,40251.89,402.75,1700.00
1777,321.35,-0.01,0.02,0.00,0.00,0.00,0.01,0.01,0.04,-1.31,1.44,2.75,0.73,0.98,0.05,428.10,1180.10,804.10,612.87,707.87,660.37,298.00,389.00,343.50,1338.97,2276.97,1807.97,1367.06,2267.06,1817.06,412.51,612.51,512.51,1779.57,2879.57,2329.57,40250.91,402.69,1700.00
1776,319.61,-0.07,0.02,0.00,0.00,0.00,0.01,0.01,0.04,-1.32,1.43,2.75,0.73,0.98,0.05,428.10,1180.10,804.10,612.89,707.89,660.39,298.00,389.00,343.50,1338.99,2276.99,1807.99,1366.49,2266.49,1816.49,412.34,612.34,512.34,1778.84,2878.84,2328.84,40249.93,402.64,1700.00
1775,318.13,0.31,0.02,0.00,0.00,0.00,0.01,0.01,0.04,-1.34,1.42,2.76,0.74,0.99,0.05,428.10,1180.10,804.10,612.91,707.91,660.41,298.00,389.00,343.50,1339.02,2277.02,1808.02,1365.92,2265.92,1815.92,412.18,612.18,512.18,1778.10,2878.10,2328.10,40248.94,402.58,1700.00
1774,318.13,0.33,0.02,0.00,0.00,0.00,0.01,0.00,0.03,-1.36,1.41,2.77,0.74,0.99,0.05,428.10,1180.10,804.10,612.93,707.93,660.43,298.01,389.01,343.51,1339.04,2277.04,1808.04,1365.34,2265.34,1815.34,412.02,612.02,512.02,1777.36,2877.36,2327.36,40247.95,402.53,1700.00
1773,317.26,-0.19,0.02,0.00,0.00,0.00,0.01,0.01,0.04,-1.38,1.40,2.77,0.75,1.00,0.05,428.10,1180.10,804.10,612.95,707.95,660.45,298.01,389.01,343.51,1339.06,2277.06,1808.06,1364.76,2264.76,1814.76,411.85,611.85,511.85,1776.61,2876.61,2326.61,40246.95,402.48,1700.00
1772,317.26,0.47,0.02,0.00,0.00,0.00,0.01,0.01,0.04,-1.39,1.39,2.78,0.75,1.01,0.05,428.10,1180.10,804.10,612.97,707.97,660.47,298.01,389.01,343.51,1339.08,2277.08,1808.08,1364.17,2264.17,1814.17,411.69,611.69,511.69,1775.86,2875.86,2325.86,40245.94,402.42,1700.00
1771,316.38,0.49,0.02,0.00,0.00,0.00,0.01,0.01,0.04,-1.41,1.38,2.79,0.76,1.01,0.05,428.10,1180.10,804.10,612.99,707.99,660.49,298.01,389.01,343.51,1339.10,2277.10,1808.10,1363.58,2263.58,1813.58,411.52,611.52,511.52,1775.10,2875.10,2325.10,40244.93,402.37,1700.00
1770,315.77,-0.08,0.01,0.00,0.00,0.00,0.01,0.01,0.03,-1.43,1.37,2.79,0.76,1.01,0.05,428.10,1180.10,804.10,613.00,708.00,660.50,298.01,389.01,343.51,1339.12,2277.12,1808.12,1362.99,2262.99,1812.99,411.36,611.36,511.36,1774.35,2874.35,2324.35,40243.92,402.32,1700.00
1769,314.86,-0.02,0.01,0.00,0.00,0.00,0.01,0.01,0.03,-1.44,1.36,2.80,0.76,1.02,0.05,428.10,1180.10,804.10,613.01,708.01,660.51,298.02,389.02,343.52,1339.13,2277.13,1808.13,1362.39,2262.39,1812.39,411.19,611.19,511.19,1773.58,2873.58,2323.58,40242.90,402.26,1700.00
1768,321.36,-0.06,0.01,0.00,0.00,0.00,0.01,0.01,0.03,-1.46,1.35,2.81,0.77,1.02,0.05,428.10,1180.10,804.10,613.02,708.02,660.52,298.02,389.02,343.52,1339.14,2277.14,1808.14,1361.80,2261.80,1811.80,411.02,611.02,511.02,1772.82,2872.82,2322.82,40241.88,402.21,1700.00
1767,321.37,-0.11,0.01,0.00,0.00,0.00,0.01,0.01,0.03,-1.48,1.34,2.82,0.77,1.03,0.05,428.10,1180.10,804.10,613.03,708.03,660.53,298.02,389.02,343.52,1339.15,2277.15,1808.15,1361.19,2261.19,1811.19,410.85,610.85,510.85,1772.04,2872.04,2322.04,40240.85,402.16,1700.00
1766,319.62,-0.20,0.01,0.00,0.00,0.00,0.01,0.01,0.03,-1.49,1.33,2.82,0.78,1.03,0.05,428.10,1180.10,804.10,613.04,708.04,660.54,298.02,389.02,343.52,1339.16,2277.16,1808.16,1360.59,2260.59,1810.59,410.68,610.68,510.68,1771.27,2871.27,2321.27,40239.81,402.11,1700.00
1765,318.14,0.05,0.01,0.00,0.00,0.00,0.01,0.01,0.03,-1.51,1.32,2.83,0.78,1.04,0.05,428.10,1180.10,804.10,613.05,708.05,660.55,298.02,389.02,343.52,1339.18,2277.18,1808.18,1359.98,2259.98,1809.98,410.51,610.51,510.51,1770.49,2870.49,2320.49,40238.77,402.05,1700.00
1764,318.14,0.03,0.01,0.00,0.00,0.00,0.01,0.01,0.03,-1.53,1.31,2.84,0.79,1.04,0.05,428.10,1180.10,804.10,613.06,708.06,660.56,298.03,389.03,343.53,1339.19,2277.19,1808.19,1359.37,2259.37,1809.37,410.33,610.33,510.33,1769.70,2869.70,2319.70,40237.73,402.00,1700.00
1763,317.27,0.06,0.01,0.00,0.00,0.00,0.01,0.01,0.03,-1.54,1.30,2.84,0.79,1.05,0.05,428.10,1180.10,804.10,613.07,708.07,660.57,298.03,389.03,343.53,1339.20,2277.20,1808.20,1358.75,2258.75,1808.75,410.16,610.16,510.16,1768.91,2868.91,2318.91,40236.68,401.95,1700.00
1762,317.28,-0.14,0.01,0.00,0.00,0.00,0.01,0.01,0.03,-1.56,1.29,2.85,0.80,1.06,0.05,428.10,1180.10,804.10,613.08,708.08,660.58,298.03,389.03,343.53,1339.21,2277.21,1808.21,1358.13,2258.13,1808.13,409.98,609.98,509.98,1768.11,2868.11,2318.11,40235.62,401.90,1700.00
1761,316.39,0.14,0.01,0.00,0.00,0.00,0.01,0.01,0.03,-1.58,1.28,2.86,0.80,1.06,0.05,428.10,1180.10,804.10,613.09,708.09,660.59,298.03,389.03,343.53,1339.22,2277.22,1808.22,1357.50,2257.50,1807.50,409.81,609.81,509.81,1767.31,2867.31,2317.31,40234.56,401.85,1700.00
1760,315.78,-0.10,0.01,0.00,0.00,0.00,0.01,0.01,0.03,-1.59,1.27,2.86,0.81,1.07,0.05,428.10,1180.10,804.10,613.10,708.10,660.60,298.03,389.03,343.53,1339.24,2277.24,1808.24,1356.87,2256.87,1806.87,409.63,609.63,509.63,1766.51,2866.51,2316.51,40233.50,401.80,1700.00
1759,314.87,-0.01,0.01,0.00,0.00,0.00,0.01,0.01,0.03,-1.61,1.26,2.87,0.81,1.07,0.05,428.10,1180.10,804.10,613.11,708.11,660.61,298.04,389.04,343.54,1339.25,2277.25,1808.25,1356.24,2256.24,1806.24,409.45,609.45,509.45,1765.70,2865.70,2315.70,40232.43,401.75,1700.00
1758,321.38,-0.07,0.01,0.00,0.00,0.00,0.01,0.01,0.03,-1.63,1.25,2.88,0.81,1.08,0.05,428.10,1180.10,804.10,613.12,708.12,660.62,298.04,389.04,343.54,1339.26,2277.26,1808.26,1355.61,2255.61,1805.61,409.27,609.27,509.27,1764.88,2864.88,2314.88,40231.35,401.69,1700.00
1757,321.39,0.34,0.01,0.00,0.00,0.00,0.01,0.01,0.03,-1.64,1.24,2.88,0.82,1.08,0.05,428.10,1180.10,804.10,613.13,708.13,660.63,298.04,389.04,343.54,1339.27,2277.27,1808.27,1354.97,2254.97,1804.97,409.09,609.09,509.09,1764.06,2864.06,2314.06,40230.27,401.64,1700.00
1756,319.63,0.36,0.01,0.00,0.00,0.00,0.01,0.01,0.03,-1.66,1.23,2.89,0.82,1.09,0.05,428.10,1180.10,804.10,613.14,708.14,660.64,298.04,389.04,343.54,1339.28,2277.28,1808.28,1354.32,2254.32,1804.32,408.91,608.91,508.91,1763.24,2863.24,2313.24,40229.18,401.59,1700.00
1755,318.14,-0.20,0.01,0.00,0.00,0.00,0.01,0.01,0.03,-1.68,1.22,2.90,0.83,1.09,0.05,428.10,1180.10,804.10,613.15,708.15,660.65,298.04,389.04,343.54,1339.30,2277.30,1808.30,1353.68,2253.68,1803.68,408.73,608.73,508.73,1762.41,2862.41,2312.41,40228.09,401.54,1700.00
1754,318.15,0.51,0.01,0.00,0.00,0.00,0.01,0.01,0.03,-1.69,1.21,2.90,0.83,1.10,0.05,428.10,1180.10,804.10,613.16,708.16,660.66,298.05,389.05,343.55,1339.31,2277.31,1808.31,1353.03,2253.03,1803.03,408.55,608.55,508.55,1761.57,2861.57,2311.57,40226.99,401.49,1700.00
1753,317.28,0.53,0.01,0.00,0.00,0.00,0.01,0.01,0.03,-1.71,1.20,2.91,0.84,1.10,0.05,428.10,1180.10,804.10,613.17,708.17,660.67,298.05,389.05,343.55,1339.32,2277.32,1808.32,1352.37,2252.37,1802.37,408.36,608.36,508.36,1760.73,2860.73,2310.73,40225.88,401.44,1700.00
1752,317.29,-0.08,0.01,0.00,0.00,0.00,0.01,0.01,0.03,-1.73,1.19,2.92,0.84,1.11,0.05,428.10,1180.10,804.10,613.18,708.18,660.68,298.05,389.05,343.55,1339.33,2277.33,1808.33,1351.71,2251.71,1801.71,408.18,608.18,508.18,1759.89,2859.89,2309.89,40224.77,401.39,1700.00
1751,316.40,-0.02,0.01,0.00,0.00,0.00,0.01,0.01,0.03,-1.74,1.18,2.92,0.85,1.12,0.05,428.10,1180.10,804.10,613.19,708.19,660.69,298.05,389.05,343.55,1339.34,2277.34,1808.34,1351.05,2251.05,1801.05,407.99,607.99,507.99,1759.04,2859.04,2309.04,40223.66,401.34,1700.00
